query_id,predicted_evidence_ids,predicted_decision_class,predicted_action_keys,predicted_operation_states_json,awarded_point_ids,awarded_atomic_item_ids,atomic_item_scores_json,response_text,response_time_ms,confidence
V53_Q_004809_Q1,[],,[],{},,,,ERROR: type dict doesn't define __round__ method,483.64,0.0
V53_Q_004809_Q2,[],,[],{},,,,ERROR: type dict doesn't define __round__ method,331.86,0.0
V53_Q_004809_Q3,[],,[],{},,,,ERROR: type dict doesn't define __round__ method,326.0,0.0
V53_Q_004809_Q4,[],,[],{},,,,ERROR: type dict doesn't define __round__ method,328.32,0.0
V53_Q_004809_Q5,[],,[],{},,,,ERROR: type dict doesn't define __round__ method,328.25,0.0
V53_Q_004810_Q1,[],,[],{},,,,ERROR: type dict doesn't define __round__ method,332.79,0.0
V53_Q_004810_Q2,[],,[],{},,,,ERROR: type dict doesn't define __round__ method,345.03,0.0
V53_Q_004810_Q3,[],,[],{},,,,ERROR: type dict doesn't define __round__ method,333.73,0.0
V53_Q_004810_Q4,[],,[],{},,,,ERROR: type dict doesn't define __round__ method,332.59,0.0
V53_Q_004810_Q5,[],,[],{},,,,ERROR: type dict doesn't define __round__ method,326.94,0.0
V53_Q_004811_Q1,[],,[],{},,,,ERROR: type dict doesn't define __round__ method,323.48,0.0
V53_Q_004811_Q2,[],,[],{},,,,ERROR: type dict doesn't define __round__ method,321.79,0.0
V53_Q_004811_Q3,[],,[],{},,,,ERROR: type dict doesn't define __round__ method,331.6,0.0
V53_Q_004811_Q4,[],,[],{},,,,ERROR: type dict doesn't define __round__ method,345.3,0.0
V53_Q_004811_Q5,[],,[],{},,,,ERROR: type dict doesn't define __round__ method,355.67,0.0
V53_Q_004812_Q1,[],,[],{},,,,ERROR: type dict doesn't define __round__ method,343.44,0.0
V53_Q_004812_Q2,[],retrieve_synthesize_execute,[],{},,,,,312.62,0.0
V53_Q_004812_Q3,[],,[],{},,,,ERROR: type dict doesn't define __round__ method,337.54,0.0
V53_Q_004812_Q4,[],retrieve_synthesize_execute,[],{},,,,,309.66,0.0
V53_Q_004812_Q5,[],,[],{},,,,ERROR: type dict doesn't define __round__ method,329.72,0.0
V53_Q_004813_Q1,[],,[],{},,,,ERROR: type dict doesn't define __round__ method,326.58,0.0
V53_Q_004813_Q2,[],,[],{},,,,ERROR: type dict doesn't define __round__ method,328.89,0.0
V53_Q_004813_Q3,[],,[],{},,,,ERROR: type dict doesn't define __round__ method,327.6,0.0
V53_Q_004813_Q4,[],,[],{},,,,ERROR: type dict doesn't define __round__ method,337.34,0.0
V53_Q_004813_Q5,[],retrieve_synthesize_execute,[],{},,,,,302.87,0.0
V53_Q_004814_Q1,[],,[],{},,,,ERROR: type dict doesn't define __round__ method,340.19,0.0
V53_Q_004814_Q2,[],retrieve_synthesize_execute,[],{},,,,,309.26,0.0
V53_Q_004814_Q3,[],,[],{},,,,ERROR: type dict doesn't define __round__ method,321.56,0.0
V53_Q_004814_Q4,[],retrieve_synthesize_execute,[],{},,,,,298.03,0.0
V53_Q_004814_Q5,[],,[],{},,,,ERROR: type dict doesn't define __round__ method,331.03,0.0
V53_Q_004815_Q1,[],,[],{},,,,ERROR: type dict doesn't define __round__ method,439.57,0.0
V53_Q_004815_Q2,[],,[],{},,,,ERROR: type dict doesn't define __round__ method,459.31,0.0
V53_Q_004815_Q3,[],,[],{},,,,ERROR: type dict doesn't define __round__ method,480.71,0.0
V53_Q_004815_Q4,[],,[],{},,,,ERROR: type dict doesn't define __round__ method,499.06,0.0
V53_Q_004815_Q5,[],,[],{},,,,ERROR: type dict doesn't define __round__ method,404.73,0.0
V53_Q_004816_Q1,[],,[],{},,,,ERROR: type dict doesn't define __round__ method,456.55,0.0
V53_Q_004816_Q2,[],,[],{},,,,ERROR: type dict doesn't define __round__ method,430.02,0.0
V53_Q_004816_Q3,[],,[],{},,,,ERROR: type dict doesn't define __round__ method,433.38,0.0
V53_Q_004816_Q4,[],,[],{},,,,ERROR: type dict doesn't define __round__ method,527.4,0.0
V53_Q_004816_Q5,[],,[],{},,,,ERROR: type dict doesn't define __round__ method,525.91,0.0
V53_Q_004817_Q1,[],,[],{},,,,ERROR: type dict doesn't define __round__ method,456.26,0.0
V53_Q_004817_Q2,[],,[],{},,,,ERROR: type dict doesn't define __round__ method,436.79,0.0
V53_Q_004817_Q3,[],,[],{},,,,ERROR: type dict doesn't define __round__ method,380.99,0.0
V53_Q_004817_Q4,[],,[],{},,,,ERROR: type dict doesn't define __round__ method,385.15,0.0
V53_Q_004817_Q5,[],,[],{},,,,ERROR: type dict doesn't define __round__ method,396.72,0.0
V53_Q_004818_Q1,[],,[],{},,,,ERROR: type dict doesn't define __round__ method,475.68,0.0
V53_Q_004818_Q2,[],,[],{},,,,ERROR: type dict doesn't define __round__ method,500.16,0.0
V53_Q_004818_Q3,[],,[],{},,,,ERROR: type dict doesn't define __round__ method,840.92,0.0
V53_Q_004818_Q4,[],retrieve_synthesize_execute,[],{},,,,,423.49,0.0
V53_Q_004818_Q5,[],,[],{},,,,ERROR: type dict doesn't define __round__ method,452.19,0.0
V53_Q_004819_Q1,[],,[],{},,,,ERROR: type dict doesn't define __round__ method,603.0,0.0
V53_Q_004819_Q2,[],,[],{},,,,ERROR: type dict doesn't define __round__ method,491.91,0.0
V53_Q_004819_Q3,[],,[],{},,,,ERROR: type dict doesn't define __round__ method,376.09,0.0
V53_Q_004819_Q4,[],,[],{},,,,ERROR: type dict doesn't define __round__ method,414.24,0.0
V53_Q_004819_Q5,[],,[],{},,,,ERROR: type dict doesn't define __round__ method,357.23,0.0
V53_Q_004820_Q1,[],,[],{},,,,ERROR: type dict doesn't define __round__ method,330.73,0.0
V53_Q_004820_Q2,[],retrieve_synthesize_execute,[],{},,,,,305.78,0.0
V53_Q_004820_Q3,[],,[],{},,,,ERROR: type dict doesn't define __round__ method,324.96,0.0
V53_Q_004820_Q4,[],,[],{},,,,ERROR: type dict doesn't define __round__ method,333.98,0.0
V53_Q_004820_Q5,[],retrieve_synthesize_execute,[],{},,,,,299.73,0.0
V53_Q_004821_Q1,[],,[],{},,,,ERROR: type dict doesn't define __round__ method,337.94,0.0
V53_Q_004821_Q2,[],,[],{},,,,ERROR: type dict doesn't define __round__ method,323.15,0.0
V53_Q_004821_Q3,[],,[],{},,,,ERROR: type dict doesn't define __round__ method,330.55,0.0
V53_Q_004821_Q4,[],retrieve_synthesize_execute,[],{},,,,,298.44,0.0
V53_Q_004821_Q5,[],retrieve_synthesize_execute,[],{},,,,,298.1,0.0
V53_Q_004822_Q1,[],,[],{},,,,ERROR: type dict doesn't define __round__ method,319.24,0.0
V53_Q_004822_Q2,[],,[],{},,,,ERROR: type dict doesn't define __round__ method,334.31,0.0
V53_Q_004822_Q3,[],,[],{},,,,ERROR: type dict doesn't define __round__ method,336.57,0.0
V53_Q_004822_Q4,[],,[],{},,,,ERROR: type dict doesn't define __round__ method,353.92,0.0
V53_Q_004822_Q5,[],,[],{},,,,ERROR: type dict doesn't define __round__ method,343.93,0.0
V53_Q_004823_Q1,[],,[],{},,,,ERROR: type dict doesn't define __round__ method,349.35,0.0
V53_Q_004823_Q2,[],retrieve_synthesize_execute,[],{},,,,,307.32,0.0
V53_Q_004823_Q3,[],,[],{},,,,ERROR: type dict doesn't define __round__ method,328.82,0.0
V53_Q_004823_Q4,[],retrieve_synthesize_execute,[],{},,,,,300.53,0.0
V53_Q_004823_Q5,[],,[],{},,,,ERROR: type dict doesn't define __round__ method,329.38,0.0
V53_Q_004824_Q1,[],,[],{},,,,ERROR: type dict doesn't define __round__ method,332.4,0.0
V53_Q_004824_Q2,[],retrieve_synthesize_execute,[],{},,,,,307.48,0.0
V53_Q_004824_Q3,[],,[],{},,,,ERROR: type dict doesn't define __round__ method,326.72,0.0
V53_Q_004824_Q4,[],retrieve_synthesize_execute,[],{},,,,,306.14,0.0
V53_Q_004824_Q5,[],,[],{},,,,ERROR: type dict doesn't define __round__ method,336.63,0.0
V53_Q_004825_Q1,[],,[],{},,,,ERROR: type dict doesn't define __round__ method,359.0,0.0
V53_Q_004825_Q2,[],retrieve_synthesize_execute,[],{},,,,,337.94,0.0
V53_Q_004825_Q3,[],,[],{},,,,ERROR: type dict doesn't define __round__ method,365.82,0.0
V53_Q_004825_Q4,[],retrieve_synthesize_execute,[],{},,,,,418.91,0.0
V53_Q_004825_Q5,[],,[],{},,,,ERROR: type dict doesn't define __round__ method,475.11,0.0
V53_Q_004826_Q1,[],,[],{},,,,ERROR: type dict doesn't define __round__ method,386.96,0.0
V53_Q_004826_Q2,[],,[],{},,,,ERROR: type dict doesn't define __round__ method,442.84,0.0
V53_Q_004826_Q3,[],,[],{},,,,ERROR: type dict doesn't define __round__ method,493.59,0.0
V53_Q_004826_Q4,[],retrieve_synthesize_execute,[],{},,,,,425.49,0.0
V53_Q_004826_Q5,[],,[],{},,,,ERROR: type dict doesn't define __round__ method,513.77,0.0
V53_Q_004827_Q1,[],,[],{},,,,ERROR: type dict doesn't define __round__ method,504.13,0.0
V53_Q_004827_Q2,[],,[],{},,,,ERROR: type dict doesn't define __round__ method,479.75,0.0
V53_Q_004827_Q3,[],,[],{},,,,ERROR: type dict doesn't define __round__ method,383.07,0.0
V53_Q_004827_Q4,[],,[],{},,,,ERROR: type dict doesn't define __round__ method,403.25,0.0
V53_Q_004827_Q5,[],,[],{},,,,ERROR: type dict doesn't define __round__ method,433.73,0.0
V53_Q_004828_Q1,[],,[],{},,,,ERROR: type dict doesn't define __round__ method,459.17,0.0
V53_Q_004828_Q2,[],,[],{},,,,ERROR: type dict doesn't define __round__ method,356.23,0.0
V53_Q_004828_Q3,[],,[],{},,,,ERROR: type dict doesn't define __round__ method,390.9,0.0
V53_Q_004828_Q4,[],,[],{},,,,ERROR: type dict doesn't define __round__ method,432.8,0.0
V53_Q_004828_Q5,[],,[],{},,,,ERROR: type dict doesn't define __round__ method,515.8,0.0
V53_Q_004829_Q1,[],,[],{},,,,ERROR: type dict doesn't define __round__ method,521.87,0.0
V53_Q_004829_Q2,[],,[],{},,,,ERROR: type dict doesn't define __round__ method,1243.01,0.0
V53_Q_004829_Q3,[],,[],{},,,,ERROR: type dict doesn't define __round__ method,780.49,0.0
V53_Q_004829_Q4,[],retrieve_synthesize_execute,[],{},,,,,528.54,0.0
V53_Q_004829_Q5,[],,[],{},,,,ERROR: type dict doesn't define __round__ method,363.32,0.0
V53_Q_004830_Q1,[],,[],{},,,,ERROR: type dict doesn't define __round__ method,338.92,0.0
V53_Q_004830_Q2,[],,[],{},,,,ERROR: type dict doesn't define __round__ method,331.61,0.0
V53_Q_004830_Q3,[],,[],{},,,,ERROR: type dict doesn't define __round__ method,326.7,0.0
V53_Q_004830_Q4,[],,[],{},,,,ERROR: type dict doesn't define __round__ method,331.3,0.0
V53_Q_004830_Q5,[],,[],{},,,,ERROR: type dict doesn't define __round__ method,332.66,0.0
V53_Q_004831_Q1,[],,[],{},,,,ERROR: type dict doesn't define __round__ method,335.42,0.0
V53_Q_004831_Q2,[],retrieve_synthesize_execute,[],{},,,,,304.79,0.0
V53_Q_004831_Q3,[],,[],{},,,,ERROR: type dict doesn't define __round__ method,326.58,0.0
V53_Q_004831_Q4,[],,[],{},,,,ERROR: type dict doesn't define __round__ method,325.66,0.0
V53_Q_004831_Q5,[],,[],{},,,,ERROR: type dict doesn't define __round__ method,329.45,0.0
V53_Q_004832_Q1,[],,[],{},,,,ERROR: type dict doesn't define __round__ method,344.62,0.0
V53_Q_004832_Q2,[],,[],{},,,,ERROR: type dict doesn't define __round__ method,331.31,0.0
V53_Q_004832_Q3,[],,[],{},,,,ERROR: type dict doesn't define __round__ method,338.23,0.0
V53_Q_004832_Q4,[],,[],{},,,,ERROR: type dict doesn't define __round__ method,365.18,0.0
V53_Q_004832_Q5,[],,[],{},,,,ERROR: type dict doesn't define __round__ method,350.45,0.0
V53_Q_004833_Q1,[],,[],{},,,,ERROR: type dict doesn't define __round__ method,331.32,0.0
V53_Q_004833_Q2,[],,[],{},,,,ERROR: type dict doesn't define __round__ method,369.93,0.0
V53_Q_004833_Q3,[],,[],{},,,,ERROR: type dict doesn't define __round__ method,410.39,0.0
V53_Q_004833_Q4,[],,[],{},,,,ERROR: type dict doesn't define __round__ method,350.09,0.0
V53_Q_004833_Q5,[],,[],{},,,,ERROR: type dict doesn't define __round__ method,321.41,0.0
V53_Q_004834_Q1,[],,[],{},,,,ERROR: type dict doesn't define __round__ method,338.24,0.0
V53_Q_004834_Q2,[],,[],{},,,,ERROR: type dict doesn't define __round__ method,330.78,0.0
V53_Q_004834_Q3,[],,[],{},,,,ERROR: type dict doesn't define __round__ method,335.3,0.0
V53_Q_004834_Q4,[],,[],{},,,,ERROR: type dict doesn't define __round__ method,336.47,0.0
V53_Q_004834_Q5,[],retrieve_synthesize_execute,[],{},,,,,312.74,0.0
V53_Q_004835_Q1,[],,[],{},,,,ERROR: type dict doesn't define __round__ method,333.31,0.0
V53_Q_004835_Q2,[],,[],{},,,,ERROR: type dict doesn't define __round__ method,332.86,0.0
V53_Q_004835_Q3,[],,[],{},,,,ERROR: type dict doesn't define __round__ method,400.87,0.0
V53_Q_004835_Q4,[],retrieve_synthesize_execute,[],{},,,,,376.07,0.0
V53_Q_004835_Q5,[],,[],{},,,,ERROR: type dict doesn't define __round__ method,522.55,0.0
V53_Q_004836_Q1,[],,[],{},,,,ERROR: type dict doesn't define __round__ method,453.99,0.0
V53_Q_004836_Q2,[],,[],{},,,,ERROR: type dict doesn't define __round__ method,460.37,0.0
V53_Q_004836_Q3,[],,[],{},,,,ERROR: type dict doesn't define __round__ method,467.18,0.0
V53_Q_004836_Q4,[],,[],{},,,,ERROR: type dict doesn't define __round__ method,466.99,0.0
V53_Q_004836_Q5,[],,[],{},,,,ERROR: type dict doesn't define __round__ method,467.35,0.0
V53_Q_004837_Q1,[],,[],{},,,,ERROR: type dict doesn't define __round__ method,456.27,0.0
V53_Q_004837_Q2,[],,[],{},,,,ERROR: type dict doesn't define __round__ method,512.27,0.0
V53_Q_004837_Q3,[],,[],{},,,,ERROR: type dict doesn't define __round__ method,408.34,0.0
V53_Q_004837_Q4,[],,[],{},,,,ERROR: type dict doesn't define __round__ method,420.09,0.0
V53_Q_004837_Q5,[],,[],{},,,,ERROR: type dict doesn't define __round__ method,371.36,0.0
V53_Q_004838_Q1,[],,[],{},,,,ERROR: type dict doesn't define __round__ method,392.45,0.0
V53_Q_004838_Q2,[],,[],{},,,,ERROR: type dict doesn't define __round__ method,481.13,0.0
V53_Q_004838_Q3,[],,[],{},,,,ERROR: type dict doesn't define __round__ method,454.07,0.0
V53_Q_004838_Q4,[],retrieve_synthesize_execute,[],{},,,,,952.49,0.0
V53_Q_004838_Q5,[],,[],{},,,,ERROR: type dict doesn't define __round__ method,596.72,0.0
V53_Q_004839_Q1,[],,[],{},,,,ERROR: type dict doesn't define __round__ method,671.8,0.0
V53_Q_004839_Q2,[],,[],{},,,,ERROR: type dict doesn't define __round__ method,602.66,0.0
V53_Q_004839_Q3,[],,[],{},,,,ERROR: type dict doesn't define __round__ method,475.26,0.0
V53_Q_004839_Q4,[],,[],{},,,,ERROR: type dict doesn't define __round__ method,326.89,0.0
V53_Q_004839_Q5,[],retrieve_synthesize_execute,[],{},,,,,307.75,0.0
V53_Q_004840_Q1,[],,[],{},,,,ERROR: type dict doesn't define __round__ method,329.81,0.0
V53_Q_004840_Q2,[],,[],{},,,,ERROR: type dict doesn't define __round__ method,332.03,0.0
V53_Q_004840_Q3,[],,[],{},,,,ERROR: type dict doesn't define __round__ method,326.69,0.0
V53_Q_004840_Q4,[],,[],{},,,,ERROR: type dict doesn't define __round__ method,335.71,0.0
V53_Q_004840_Q5,[],,[],{},,,,ERROR: type dict doesn't define __round__ method,338.18,0.0
V53_Q_004841_Q1,[],,[],{},,,,ERROR: type dict doesn't define __round__ method,339.76,0.0
V53_Q_004841_Q2,[],,[],{},,,,ERROR: type dict doesn't define __round__ method,347.45,0.0
V53_Q_004841_Q3,[],,[],{},,,,ERROR: type dict doesn't define __round__ method,333.45,0.0
V53_Q_004841_Q4,[],,[],{},,,,ERROR: type dict doesn't define __round__ method,336.21,0.0
V53_Q_004841_Q5,[],,[],{},,,,ERROR: type dict doesn't define __round__ method,327.11,0.0
V53_Q_004842_Q1,[],,[],{},,,,ERROR: type dict doesn't define __round__ method,340.18,0.0
V53_Q_004842_Q2,[],,[],{},,,,ERROR: type dict doesn't define __round__ method,331.92,0.0
V53_Q_004842_Q3,[],,[],{},,,,ERROR: type dict doesn't define __round__ method,336.1,0.0
V53_Q_004842_Q4,[],,[],{},,,,ERROR: type dict doesn't define __round__ method,331.21,0.0
V53_Q_004842_Q5,[],,[],{},,,,ERROR: type dict doesn't define __round__ method,330.78,0.0
V53_Q_004843_Q1,[],,[],{},,,,ERROR: type dict doesn't define __round__ method,340.4,0.0
V53_Q_004843_Q2,[],retrieve_synthesize_execute,[],{},,,,,312.88,0.0
V53_Q_004843_Q3,[],,[],{},,,,ERROR: type dict doesn't define __round__ method,327.88,0.0
V53_Q_004843_Q4,[],,[],{},,,,ERROR: type dict doesn't define __round__ method,329.6,0.0
V53_Q_004843_Q5,[],,[],{},,,,ERROR: type dict doesn't define __round__ method,328.88,0.0
V53_Q_004844_Q1,[],,[],{},,,,ERROR: type dict doesn't define __round__ method,347.74,0.0
V53_Q_004844_Q2,[],,[],{},,,,ERROR: type dict doesn't define __round__ method,325.89,0.0
V53_Q_004844_Q3,[],,[],{},,,,ERROR: type dict doesn't define __round__ method,327.27,0.0
V53_Q_004844_Q4,[],,[],{},,,,ERROR: type dict doesn't define __round__ method,326.83,0.0
V53_Q_004844_Q5,[],,[],{},,,,ERROR: type dict doesn't define __round__ method,337.83,0.0
V53_Q_004845_Q1,[],,[],{},,,,ERROR: type dict doesn't define __round__ method,344.21,0.0
V53_Q_004845_Q2,[],,[],{},,,,ERROR: type dict doesn't define __round__ method,359.2,0.0
V53_Q_004845_Q3,[],,[],{},,,,ERROR: type dict doesn't define __round__ method,487.75,0.0
V53_Q_004845_Q4,[],,[],{},,,,ERROR: type dict doesn't define __round__ method,424.29,0.0
V53_Q_004845_Q5,[],,[],{},,,,ERROR: type dict doesn't define __round__ method,480.63,0.0
V53_Q_004846_Q1,[],,[],{},,,,ERROR: type dict doesn't define __round__ method,523.51,0.0
V53_Q_004846_Q2,[],,[],{},,,,ERROR: type dict doesn't define __round__ method,483.35,0.0
V53_Q_004846_Q3,[],,[],{},,,,ERROR: type dict doesn't define __round__ method,438.15,0.0
V53_Q_004846_Q4,[],,[],{},,,,ERROR: type dict doesn't define __round__ method,463.24,0.0
V53_Q_004846_Q5,[],,[],{},,,,ERROR: type dict doesn't define __round__ method,516.49,0.0
V53_Q_004847_Q1,[],,[],{},,,,ERROR: type dict doesn't define __round__ method,483.71,0.0
V53_Q_004847_Q2,[],,[],{},,,,ERROR: type dict doesn't define __round__ method,407.53,0.0
V53_Q_004847_Q3,[],,[],{},,,,ERROR: type dict doesn't define __round__ method,383.75,0.0
V53_Q_004847_Q4,[],retrieve_synthesize_execute,[],{},,,,,426.67,0.0
V53_Q_004847_Q5,[],,[],{},,,,ERROR: type dict doesn't define __round__ method,353.88,0.0
V53_Q_004848_Q1,[],,[],{},,,,ERROR: type dict doesn't define __round__ method,387.22,0.0
V53_Q_004848_Q2,[],,[],{},,,,ERROR: type dict doesn't define __round__ method,368.48,0.0
V53_Q_004848_Q3,[],,[],{},,,,ERROR: type dict doesn't define __round__ method,436.87,0.0
V53_Q_004848_Q4,[],,[],{},,,,ERROR: type dict doesn't define __round__ method,499.17,0.0
V53_Q_004848_Q5,[],,[],{},,,,ERROR: type dict doesn't define __round__ method,1252.99,0.0
V53_Q_004849_Q1,[],,[],{},,,,ERROR: type dict doesn't define __round__ method,426.07,0.0
V53_Q_004849_Q2,[],,[],{},,,,ERROR: type dict doesn't define __round__ method,431.9,0.0
V53_Q_004849_Q3,[],,[],{},,,,ERROR: type dict doesn't define __round__ method,470.6,0.0
V53_Q_004849_Q4,[],,[],{},,,,ERROR: type dict doesn't define __round__ method,377.15,0.0
V53_Q_004849_Q5,[],,[],{},,,,ERROR: type dict doesn't define __round__ method,405.99,0.0
V53_Q_004850_Q1,[],,[],{},,,,ERROR: type dict doesn't define __round__ method,370.81,0.0
V53_Q_004850_Q2,[],,[],{},,,,ERROR: type dict doesn't define __round__ method,322.86,0.0
V53_Q_004850_Q3,[],,[],{},,,,ERROR: type dict doesn't define __round__ method,332.74,0.0
V53_Q_004850_Q4,[],,[],{},,,,ERROR: type dict doesn't define __round__ method,338.24,0.0
V53_Q_004850_Q5,[],retrieve_synthesize_execute,[],{},,,,,299.83,0.0
V53_Q_004851_Q1,[],,[],{},,,,ERROR: type dict doesn't define __round__ method,340.76,0.0
V53_Q_004851_Q2,[],,[],{},,,,ERROR: type dict doesn't define __round__ method,324.48,0.0
V53_Q_004851_Q3,[],,[],{},,,,ERROR: type dict doesn't define __round__ method,321.63,0.0
V53_Q_004851_Q4,[],retrieve_synthesize_execute,[],{},,,,,302.32,0.0
V53_Q_004851_Q5,[],,[],{},,,,ERROR: type dict doesn't define __round__ method,328.82,0.0
V53_Q_004852_Q1,[],,[],{},,,,ERROR: type dict doesn't define __round__ method,331.2,0.0
V53_Q_004852_Q2,[],,[],{},,,,ERROR: type dict doesn't define __round__ method,351.58,0.0
V53_Q_004852_Q3,[],,[],{},,,,ERROR: type dict doesn't define __round__ method,330.89,0.0
V53_Q_004852_Q4,[],,[],{},,,,ERROR: type dict doesn't define __round__ method,327.54,0.0
V53_Q_004852_Q5,[],,[],{},,,,ERROR: type dict doesn't define __round__ method,333.37,0.0
V53_Q_004853_Q1,[],,[],{},,,,ERROR: type dict doesn't define __round__ method,353.16,0.0
V53_Q_004853_Q2,[],,[],{},,,,ERROR: type dict doesn't define __round__ method,344.36,0.0
V53_Q_004853_Q3,[],,[],{},,,,ERROR: type dict doesn't define __round__ method,332.53,0.0
V53_Q_004853_Q4,[],,[],{},,,,ERROR: type dict doesn't define __round__ method,334.67,0.0
V53_Q_004853_Q5,[],retrieve_synthesize_execute,[],{},,,,,302.27,0.0
V53_Q_004854_Q1,[],,[],{},,,,ERROR: type dict doesn't define __round__ method,331.6,0.0
V53_Q_004854_Q2,[],,[],{},,,,ERROR: type dict doesn't define __round__ method,325.16,0.0
V53_Q_004854_Q3,[],,[],{},,,,ERROR: type dict doesn't define __round__ method,326.31,0.0
V53_Q_004854_Q4,[],,[],{},,,,ERROR: type dict doesn't define __round__ method,338.26,0.0
V53_Q_004854_Q5,[],,[],{},,,,ERROR: type dict doesn't define __round__ method,336.71,0.0
V53_Q_004855_Q1,[],,[],{},,,,ERROR: type dict doesn't define __round__ method,338.47,0.0
V53_Q_004855_Q2,[],,[],{},,,,ERROR: type dict doesn't define __round__ method,320.71,0.0
V53_Q_004855_Q3,[],,[],{},,,,ERROR: type dict doesn't define __round__ method,399.2,0.0
V53_Q_004855_Q4,[],,[],{},,,,ERROR: type dict doesn't define __round__ method,373.08,0.0
V53_Q_004855_Q5,[],retrieve_synthesize_execute,[],{},,,,,383.65,0.0
V53_Q_004856_Q1,[],,[],{},,,,ERROR: type dict doesn't define __round__ method,520.65,0.0
V53_Q_004856_Q2,[],,[],{},,,,ERROR: type dict doesn't define __round__ method,438.57,0.0
V53_Q_004856_Q3,[],,[],{},,,,ERROR: type dict doesn't define __round__ method,429.96,0.0
V53_Q_004856_Q4,[],,[],{},,,,ERROR: type dict doesn't define __round__ method,541.77,0.0
V53_Q_004856_Q5,[],,[],{},,,,ERROR: type dict doesn't define __round__ method,470.65,0.0
V53_Q_004857_Q1,[],,[],{},,,,ERROR: type dict doesn't define __round__ method,461.06,0.0
V53_Q_004857_Q2,[],,[],{},,,,ERROR: type dict doesn't define __round__ method,546.36,0.0
V53_Q_004857_Q3,[],,[],{},,,,ERROR: type dict doesn't define __round__ method,413.01,0.0
V53_Q_004857_Q4,[],retrieve_synthesize_execute,[],{},,,,,410.33,0.0
V53_Q_004857_Q5,[],,[],{},,,,ERROR: type dict doesn't define __round__ method,408.86,0.0
V53_Q_004858_Q1,[],,[],{},,,,ERROR: type dict doesn't define __round__ method,394.05,0.0
V53_Q_004858_Q2,[],,[],{},,,,ERROR: type dict doesn't define __round__ method,366.1,0.0
V53_Q_004858_Q3,[],,[],{},,,,ERROR: type dict doesn't define __round__ method,445.16,0.0
V53_Q_004858_Q4,[],,[],{},,,,ERROR: type dict doesn't define __round__ method,547.17,0.0
V53_Q_004858_Q5,[],,[],{},,,,ERROR: type dict doesn't define __round__ method,807.4,0.0
V53_Q_004859_Q1,[],,[],{},,,,ERROR: type dict doesn't define __round__ method,672.97,0.0
V53_Q_004859_Q2,[],retrieve_synthesize_execute,[],{},,,,,398.61,0.0
V53_Q_004859_Q3,[],,[],{},,,,ERROR: type dict doesn't define __round__ method,522.6,0.0
V53_Q_004859_Q4,[],,[],{},,,,ERROR: type dict doesn't define __round__ method,434.26,0.0
V53_Q_004859_Q5,[],,[],{},,,,ERROR: type dict doesn't define __round__ method,500.86,0.0
V53_Q_004860_Q1,[],retrieve_synthesize_execute,[],{},,,,,498.27,0.0
V53_Q_004860_Q2,[],,[],{},,,,ERROR: type dict doesn't define __round__ method,414.58,0.0
V53_Q_004860_Q3,[],,[],{},,,,ERROR: type dict doesn't define __round__ method,389.7,0.0
V53_Q_004860_Q4,[],retrieve_synthesize_execute,[],{},,,,,303.99,0.0
V53_Q_004860_Q5,[],,[],{},,,,ERROR: type dict doesn't define __round__ method,327.57,0.0
V53_Q_004861_Q1,[],,[],{},,,,ERROR: type dict doesn't define __round__ method,337.65,0.0
V53_Q_004861_Q2,[],retrieve_synthesize_execute,[],{},,,,,305.97,0.0
V53_Q_004861_Q3,[],,[],{},,,,ERROR: type dict doesn't define __round__ method,329.19,0.0
V53_Q_004861_Q4,[],retrieve_synthesize_execute,[],{},,,,,306.17,0.0
V53_Q_004861_Q5,[],retrieve_synthesize_execute,[],{},,,,,372.4,0.0
V53_Q_004862_Q1,[],,[],{},,,,ERROR: type dict doesn't define __round__ method,346.97,0.0
V53_Q_004862_Q2,[],,[],{},,,,ERROR: type dict doesn't define __round__ method,333.81,0.0
V53_Q_004862_Q3,[],,[],{},,,,ERROR: type dict doesn't define __round__ method,336.61,0.0
V53_Q_004862_Q4,[],retrieve_synthesize_execute,[],{},,,,,305.8,0.0
V53_Q_004862_Q5,[],,[],{},,,,ERROR: type dict doesn't define __round__ method,335.34,0.0
V53_Q_004863_Q1,[],,[],{},,,,ERROR: type dict doesn't define __round__ method,342.97,0.0
V53_Q_004863_Q2,[],retrieve_synthesize_execute,[],{},,,,,316.01,0.0
V53_Q_004863_Q3,[],,[],{},,,,ERROR: type dict doesn't define __round__ method,328.39,0.0
V53_Q_004863_Q4,[],retrieve_synthesize_execute,[],{},,,,,302.98,0.0
V53_Q_004863_Q5,[],retrieve_synthesize_execute,[],{},,,,,303.78,0.0
V53_Q_004864_Q1,[],,[],{},,,,ERROR: type dict doesn't define __round__ method,350.21,0.0
V53_Q_004864_Q2,[],,[],{},,,,ERROR: type dict doesn't define __round__ method,335.74,0.0
V53_Q_004864_Q3,[],,[],{},,,,ERROR: type dict doesn't define __round__ method,334.51,0.0
V53_Q_004864_Q4,[],,[],{},,,,ERROR: type dict doesn't define __round__ method,329.27,0.0
V53_Q_004864_Q5,[],,[],{},,,,ERROR: type dict doesn't define __round__ method,361.42,0.0
V53_Q_004865_Q1,[],,[],{},,,,ERROR: type dict doesn't define __round__ method,381.14,0.0
V53_Q_004865_Q2,[],,[],{},,,,ERROR: type dict doesn't define __round__ method,392.84,0.0
V53_Q_004865_Q3,[],,[],{},,,,ERROR: type dict doesn't define __round__ method,398.65,0.0
V53_Q_004865_Q4,[],,[],{},,,,ERROR: type dict doesn't define __round__ method,329.88,0.0
V53_Q_004865_Q5,[],,[],{},,,,ERROR: type dict doesn't define __round__ method,453.44,0.0
V53_Q_004866_Q1,[],,[],{},,,,ERROR: type dict doesn't define __round__ method,488.8,0.0
V53_Q_004866_Q2,[],,[],{},,,,ERROR: type dict doesn't define __round__ method,455.78,0.0
V53_Q_004866_Q3,[],,[],{},,,,ERROR: type dict doesn't define __round__ method,499.46,0.0
V53_Q_004866_Q4,[],,[],{},,,,ERROR: type dict doesn't define __round__ method,448.01,0.0
V53_Q_004866_Q5,[],,[],{},,,,ERROR: type dict doesn't define __round__ method,737.01,0.0
V53_Q_004867_Q1,[],,[],{},,,,ERROR: type dict doesn't define __round__ method,533.15,0.0
V53_Q_004867_Q2,[],retrieve_synthesize_execute,[],{},,,,,445.26,0.0
V53_Q_004867_Q3,[],,[],{},,,,ERROR: type dict doesn't define __round__ method,527.44,0.0
V53_Q_004867_Q4,[],retrieve_synthesize_execute,[],{},,,,,360.79,0.0
V53_Q_004867_Q5,[],,[],{},,,,ERROR: type dict doesn't define __round__ method,406.98,0.0
V53_Q_004868_Q1,[],,[],{},,,,ERROR: type dict doesn't define __round__ method,428.89,0.0
V53_Q_004868_Q2,[],,[],{},,,,ERROR: type dict doesn't define __round__ method,408.76,0.0
V53_Q_004868_Q3,[],,[],{},,,,ERROR: type dict doesn't define __round__ method,405.54,0.0
V53_Q_004868_Q4,[],,[],{},,,,ERROR: type dict doesn't define __round__ method,402.23,0.0
V53_Q_004868_Q5,[],retrieve_synthesize_execute,[],{},,,,,392.95,0.0
V53_Q_004869_Q1,[],,[],{},,,,ERROR: type dict doesn't define __round__ method,421.46,0.0
V53_Q_004869_Q2,[],,[],{},,,,ERROR: type dict doesn't define __round__ method,653.14,0.0
V53_Q_004869_Q3,[],,[],{},,,,ERROR: type dict doesn't define __round__ method,453.9,0.0
V53_Q_004869_Q4,[],,[],{},,,,ERROR: type dict doesn't define __round__ method,518.95,0.0
V53_Q_004869_Q5,[],,[],{},,,,ERROR: type dict doesn't define __round__ method,734.03,0.0
V53_Q_004870_Q1,[],,[],{},,,,ERROR: type dict doesn't define __round__ method,477.8,0.0
V53_Q_004870_Q2,[],,[],{},,,,ERROR: type dict doesn't define __round__ method,324.72,0.0
V53_Q_004870_Q3,[],,[],{},,,,ERROR: type dict doesn't define __round__ method,331.26,0.0
V53_Q_004870_Q4,[],retrieve_synthesize_execute,[],{},,,,,307.36,0.0
V53_Q_004870_Q5,[],retrieve_synthesize_execute,[],{},,,,,301.86,0.0
V53_Q_004871_Q1,[],,[],{},,,,ERROR: type dict doesn't define __round__ method,327.54,0.0
V53_Q_004871_Q2,[],retrieve_synthesize_execute,[],{},,,,,299.62,0.0
V53_Q_004871_Q3,[],,[],{},,,,ERROR: type dict doesn't define __round__ method,326.28,0.0
V53_Q_004871_Q4,[],retrieve_synthesize_execute,[],{},,,,,302.04,0.0
V53_Q_004871_Q5,[],retrieve_synthesize_execute,[],{},,,,,301.94,0.0
V53_Q_004872_Q1,[],,[],{},,,,ERROR: type dict doesn't define __round__ method,341.72,0.0
V53_Q_004872_Q2,[],,[],{},,,,ERROR: type dict doesn't define __round__ method,334.27,0.0
V53_Q_004872_Q3,[],,[],{},,,,ERROR: type dict doesn't define __round__ method,329.61,0.0
V53_Q_004872_Q4,[],,[],{},,,,ERROR: type dict doesn't define __round__ method,328.88,0.0
V53_Q_004872_Q5,[],retrieve_synthesize_execute,[],{},,,,,304.69,0.0
V53_Q_004873_Q1,[],,[],{},,,,ERROR: type dict doesn't define __round__ method,330.39,0.0
V53_Q_004873_Q2,[],retrieve_synthesize_execute,[],{},,,,,304.21,0.0
V53_Q_004873_Q3,[],,[],{},,,,ERROR: type dict doesn't define __round__ method,356.44,0.0
V53_Q_004873_Q4,[],retrieve_synthesize_execute,[],{},,,,,309.55,0.0
V53_Q_004873_Q5,[],retrieve_synthesize_execute,[],{},,,,,311.81,0.0
V53_Q_004874_Q1,[],,[],{},,,,ERROR: type dict doesn't define __round__ method,339.68,0.0
V53_Q_004874_Q2,[],,[],{},,,,ERROR: type dict doesn't define __round__ method,334.41,0.0
V53_Q_004874_Q3,[],,[],{},,,,ERROR: type dict doesn't define __round__ method,339.46,0.0
V53_Q_004874_Q4,[],,[],{},,,,ERROR: type dict doesn't define __round__ method,335.4,0.0
V53_Q_004874_Q5,[],,[],{},,,,ERROR: type dict doesn't define __round__ method,346.5,0.0
V53_Q_004875_Q1,[],,[],{},,,,ERROR: type dict doesn't define __round__ method,349.09,0.0
V53_Q_004875_Q2,[],,[],{},,,,ERROR: type dict doesn't define __round__ method,333.95,0.0
V53_Q_004875_Q3,[],,[],{},,,,ERROR: type dict doesn't define __round__ method,334.16,0.0
V53_Q_004875_Q4,[],retrieve_synthesize_execute,[],{},,,,,304.73,0.0
V53_Q_004875_Q5,[],,[],{},,,,ERROR: type dict doesn't define __round__ method,391.83,0.0
V53_Q_004876_Q1,[],,[],{},,,,ERROR: type dict doesn't define __round__ method,362.41,0.0
V53_Q_004876_Q2,[],,[],{},,,,ERROR: type dict doesn't define __round__ method,449.99,0.0
V53_Q_004876_Q3,[],,[],{},,,,ERROR: type dict doesn't define __round__ method,385.76,0.0
V53_Q_004876_Q4,[],,[],{},,,,ERROR: type dict doesn't define __round__ method,405.21,0.0
V53_Q_004876_Q5,[],,[],{},,,,ERROR: type dict doesn't define __round__ method,501.19,0.0
V53_Q_004877_Q1,[],,[],{},,,,ERROR: type dict doesn't define __round__ method,461.3,0.0
V53_Q_004877_Q2,[],,[],{},,,,ERROR: type dict doesn't define __round__ method,492.94,0.0
V53_Q_004877_Q3,[],,[],{},,,,ERROR: type dict doesn't define __round__ method,399.48,0.0
V53_Q_004877_Q4,[],,[],{},,,,ERROR: type dict doesn't define __round__ method,535.62,0.0
V53_Q_004877_Q5,[],,[],{},,,,ERROR: type dict doesn't define __round__ method,477.18,0.0
V53_Q_004878_Q1,[],,[],{},,,,ERROR: type dict doesn't define __round__ method,490.87,0.0
V53_Q_004878_Q2,[],retrieve_synthesize_execute,[],{},,,,,443.75,0.0
V53_Q_004878_Q3,[],,[],{},,,,ERROR: type dict doesn't define __round__ method,376.36,0.0
V53_Q_004878_Q4,[],,[],{},,,,ERROR: type dict doesn't define __round__ method,370.17,0.0
V53_Q_004878_Q5,[],,[],{},,,,ERROR: type dict doesn't define __round__ method,372.0,0.0
V53_Q_004879_Q1,[],,[],{},,,,ERROR: type dict doesn't define __round__ method,510.11,0.0
V53_Q_004879_Q2,[],,[],{},,,,ERROR: type dict doesn't define __round__ method,430.17,0.0
V53_Q_004879_Q3,[],,[],{},,,,ERROR: type dict doesn't define __round__ method,619.5,0.0
V53_Q_004879_Q4,[],,[],{},,,,ERROR: type dict doesn't define __round__ method,552.96,0.0
V53_Q_004879_Q5,[],,[],{},,,,ERROR: type dict doesn't define __round__ method,461.12,0.0
V53_Q_004880_Q1,[],,[],{},,,,ERROR: type dict doesn't define __round__ method,438.41,0.0
V53_Q_004880_Q2,[],,[],{},,,,ERROR: type dict doesn't define __round__ method,664.26,0.0
V53_Q_004880_Q3,[],,[],{},,,,ERROR: type dict doesn't define __round__ method,482.22,0.0
V53_Q_004880_Q4,[],,[],{},,,,ERROR: type dict doesn't define __round__ method,331.57,0.0
V53_Q_004880_Q5,[],,[],{},,,,ERROR: type dict doesn't define __round__ method,324.1,0.0
V53_Q_004881_Q1,[],,[],{},,,,ERROR: type dict doesn't define __round__ method,332.6,0.0
V53_Q_004881_Q2,[],retrieve_synthesize_execute,[],{},,,,,300.81,0.0
V53_Q_004881_Q3,[],,[],{},,,,ERROR: type dict doesn't define __round__ method,322.05,0.0
V53_Q_004881_Q4,[],retrieve_synthesize_execute,[],{},,,,,299.76,0.0
V53_Q_004881_Q5,[],retrieve_synthesize_execute,[],{},,,,,303.12,0.0
V53_Q_004882_Q1,[],,[],{},,,,ERROR: type dict doesn't define __round__ method,330.73,0.0
V53_Q_004882_Q2,[],,[],{},,,,ERROR: type dict doesn't define __round__ method,325.98,0.0
V53_Q_004882_Q3,[],,[],{},,,,ERROR: type dict doesn't define __round__ method,333.14,0.0
V53_Q_004882_Q4,[],,[],{},,,,ERROR: type dict doesn't define __round__ method,334.98,0.0
V53_Q_004882_Q5,[],,[],{},,,,ERROR: type dict doesn't define __round__ method,326.67,0.0
V53_Q_004883_Q1,[],,[],{},,,,ERROR: type dict doesn't define __round__ method,340.69,0.0
V53_Q_004883_Q2,[],,[],{},,,,ERROR: type dict doesn't define __round__ method,336.43,0.0
V53_Q_004883_Q3,[],,[],{},,,,ERROR: type dict doesn't define __round__ method,322.67,0.0
V53_Q_004883_Q4,[],,[],{},,,,ERROR: type dict doesn't define __round__ method,328.64,0.0
V53_Q_004883_Q5,[],,[],{},,,,ERROR: type dict doesn't define __round__ method,327.33,0.0
V53_Q_004884_Q1,[],,[],{},,,,ERROR: type dict doesn't define __round__ method,337.65,0.0
V53_Q_004884_Q2,[],,[],{},,,,ERROR: type dict doesn't define __round__ method,325.51,0.0
V53_Q_004884_Q3,[],,[],{},,,,ERROR: type dict doesn't define __round__ method,333.76,0.0
V53_Q_004884_Q4,[],,[],{},,,,ERROR: type dict doesn't define __round__ method,332.59,0.0
V53_Q_004884_Q5,[],,[],{},,,,ERROR: type dict doesn't define __round__ method,331.56,0.0
V53_Q_004885_Q1,[],,[],{},,,,ERROR: type dict doesn't define __round__ method,332.24,0.0
V53_Q_004885_Q2,[],,[],{},,,,ERROR: type dict doesn't define __round__ method,341.62,0.0
V53_Q_004885_Q3,[],,[],{},,,,ERROR: type dict doesn't define __round__ method,336.02,0.0
V53_Q_004885_Q4,[],,[],{},,,,ERROR: type dict doesn't define __round__ method,380.39,0.0
V53_Q_004885_Q5,[],,[],{},,,,ERROR: type dict doesn't define __round__ method,336.73,0.0
V53_Q_004886_Q1,[],,[],{},,,,ERROR: type dict doesn't define __round__ method,425.89,0.0
V53_Q_004886_Q2,[],,[],{},,,,ERROR: type dict doesn't define __round__ method,399.91,0.0
V53_Q_004886_Q3,[],,[],{},,,,ERROR: type dict doesn't define __round__ method,432.36,0.0
V53_Q_004886_Q4,[],,[],{},,,,ERROR: type dict doesn't define __round__ method,432.17,0.0
V53_Q_004886_Q5,[],,[],{},,,,ERROR: type dict doesn't define __round__ method,388.37,0.0
V53_Q_004887_Q1,[],,[],{},,,,ERROR: type dict doesn't define __round__ method,536.96,0.0
V53_Q_004887_Q2,[],retrieve_synthesize_execute,[],{},,,,,409.19,0.0
V53_Q_004887_Q3,[],,[],{},,,,ERROR: type dict doesn't define __round__ method,459.18,0.0
V53_Q_004887_Q4,[],retrieve_synthesize_execute,[],{},,,,,464.09,0.0
V53_Q_004887_Q5,[],retrieve_synthesize_execute,[],{},,,,,390.63,0.0
V53_Q_004888_Q1,[],,[],{},,,,ERROR: type dict doesn't define __round__ method,490.35,0.0
V53_Q_004888_Q2,[],,[],{},,,,ERROR: type dict doesn't define __round__ method,401.85,0.0
V53_Q_004888_Q3,[],,[],{},,,,ERROR: type dict doesn't define __round__ method,433.57,0.0
V53_Q_004888_Q4,[],retrieve_synthesize_execute,[],{},,,,,327.61,0.0
V53_Q_004888_Q5,[],retrieve_synthesize_execute,[],{},,,,,358.07,0.0
V53_Q_004889_Q1,[],,[],{},,,,ERROR: type dict doesn't define __round__ method,469.07,0.0
V53_Q_004889_Q2,[],,[],{},,,,ERROR: type dict doesn't define __round__ method,496.2,0.0
V53_Q_004889_Q3,[],,[],{},,,,ERROR: type dict doesn't define __round__ method,496.89,0.0
V53_Q_004889_Q4,[],,[],{},,,,ERROR: type dict doesn't define __round__ method,655.26,0.0
V53_Q_004889_Q5,[],,[],{},,,,ERROR: type dict doesn't define __round__ method,409.02,0.0
V53_Q_004890_Q1,[],,[],{},,,,ERROR: type dict doesn't define __round__ method,629.01,0.0
V53_Q_004890_Q2,[],,[],{},,,,ERROR: type dict doesn't define __round__ method,704.63,0.0
V53_Q_004890_Q3,[],,[],{},,,,ERROR: type dict doesn't define __round__ method,420.84,0.0
V53_Q_004890_Q4,[],retrieve_synthesize_execute,[],{},,,,,310.87,0.0
V53_Q_004890_Q5,[],,[],{},,,,ERROR: type dict doesn't define __round__ method,332.94,0.0
V53_Q_004891_Q1,[],,[],{},,,,ERROR: type dict doesn't define __round__ method,344.31,0.0
V53_Q_004891_Q2,[],,[],{},,,,ERROR: type dict doesn't define __round__ method,330.85,0.0
V53_Q_004891_Q3,[],,[],{},,,,ERROR: type dict doesn't define __round__ method,327.31,0.0
V53_Q_004891_Q4,[],,[],{},,,,ERROR: type dict doesn't define __round__ method,329.03,0.0
V53_Q_004891_Q5,[],,[],{},,,,ERROR: type dict doesn't define __round__ method,323.99,0.0
V53_Q_004892_Q1,[],,[],{},,,,ERROR: type dict doesn't define __round__ method,328.41,0.0
V53_Q_004892_Q2,[],,[],{},,,,ERROR: type dict doesn't define __round__ method,331.32,0.0
V53_Q_004892_Q3,[],,[],{},,,,ERROR: type dict doesn't define __round__ method,329.54,0.0
V53_Q_004892_Q4,[],,[],{},,,,ERROR: type dict doesn't define __round__ method,340.05,0.0
V53_Q_004892_Q5,[],,[],{},,,,ERROR: type dict doesn't define __round__ method,332.01,0.0
V53_Q_004893_Q1,[],,[],{},,,,ERROR: type dict doesn't define __round__ method,337.9,0.0
V53_Q_004893_Q2,[],retrieve_synthesize_execute,[],{},,,,,328.78,0.0
V53_Q_004893_Q3,[],,[],{},,,,ERROR: type dict doesn't define __round__ method,332.95,0.0
V53_Q_004893_Q4,[],retrieve_synthesize_execute,[],{},,,,,311.21,0.0
V53_Q_004893_Q5,[],retrieve_synthesize_execute,[],{},,,,,329.62,0.0
V53_Q_004894_Q1,[],,[],{},,,,ERROR: type dict doesn't define __round__ method,383.68,0.0
V53_Q_004894_Q2,[],,[],{},,,,ERROR: type dict doesn't define __round__ method,331.12,0.0
V53_Q_004894_Q3,[],,[],{},,,,ERROR: type dict doesn't define __round__ method,330.63,0.0
V53_Q_004894_Q4,[],,[],{},,,,ERROR: type dict doesn't define __round__ method,331.54,0.0
V53_Q_004894_Q5,[],,[],{},,,,ERROR: type dict doesn't define __round__ method,336.73,0.0
V53_Q_004895_Q1,[],,[],{},,,,ERROR: type dict doesn't define __round__ method,332.84,0.0
V53_Q_004895_Q2,[],retrieve_synthesize_execute,[],{},,,,,297.24,0.0
V53_Q_004895_Q3,[],,[],{},,,,ERROR: type dict doesn't define __round__ method,340.98,0.0
V53_Q_004895_Q4,[],retrieve_synthesize_execute,[],{},,,,,312.18,0.0
V53_Q_004895_Q5,[],retrieve_synthesize_execute,[],{},,,,,312.79,0.0
V53_Q_004896_Q1,[],,[],{},,,,ERROR: type dict doesn't define __round__ method,358.86,0.0
V53_Q_004896_Q2,[],,[],{},,,,ERROR: type dict doesn't define __round__ method,404.15,0.0
V53_Q_004896_Q3,[],,[],{},,,,ERROR: type dict doesn't define __round__ method,450.76,0.0
V53_Q_004896_Q4,[],,[],{},,,,ERROR: type dict doesn't define __round__ method,469.63,0.0
V53_Q_004896_Q5,[],,[],{},,,,ERROR: type dict doesn't define __round__ method,438.05,0.0
V53_Q_004897_Q1,[],,[],{},,,,ERROR: type dict doesn't define __round__ method,481.32,0.0
V53_Q_004897_Q2,[],,[],{},,,,ERROR: type dict doesn't define __round__ method,441.48,0.0
V53_Q_004897_Q3,[],,[],{},,,,ERROR: type dict doesn't define __round__ method,443.73,0.0
V53_Q_004897_Q4,[],retrieve_synthesize_execute,[],{},,,,,385.66,0.0
V53_Q_004897_Q5,[],,[],{},,,,ERROR: type dict doesn't define __round__ method,418.16,0.0
V53_Q_004898_Q1,[],,[],{},,,,ERROR: type dict doesn't define __round__ method,554.6,0.0
V53_Q_004898_Q2,[],,[],{},,,,ERROR: type dict doesn't define __round__ method,468.14,0.0
V53_Q_004898_Q3,[],,[],{},,,,ERROR: type dict doesn't define __round__ method,518.39,0.0
V53_Q_004898_Q4,[],retrieve_synthesize_execute,[],{},,,,,352.86,0.0
V53_Q_004898_Q5,[],,[],{},,,,ERROR: type dict doesn't define __round__ method,350.82,0.0
V53_Q_004899_Q1,[],,[],{},,,,ERROR: type dict doesn't define __round__ method,389.44,0.0
V53_Q_004899_Q2,[],retrieve_synthesize_execute,[],{},,,,,453.83,0.0
V53_Q_004899_Q3,[],,[],{},,,,ERROR: type dict doesn't define __round__ method,433.99,0.0
V53_Q_004899_Q4,[],,[],{},,,,ERROR: type dict doesn't define __round__ method,480.12,0.0
V53_Q_004899_Q5,[],,[],{},,,,ERROR: type dict doesn't define __round__ method,345.84,0.0
V53_Q_004900_Q1,[],,[],{},,,,ERROR: type dict doesn't define __round__ method,506.26,0.0
V53_Q_004900_Q2,[],retrieve_synthesize_execute,[],{},,,,,606.62,0.0
V53_Q_004900_Q3,[],,[],{},,,,ERROR: type dict doesn't define __round__ method,544.69,0.0
V53_Q_004900_Q4,[],,[],{},,,,ERROR: type dict doesn't define __round__ method,506.8,0.0
V53_Q_004900_Q5,[],,[],{},,,,ERROR: type dict doesn't define __round__ method,470.78,0.0
V53_Q_004901_Q1,[],,[],{},,,,ERROR: type dict doesn't define __round__ method,424.81,0.0
V53_Q_004901_Q2,[],,[],{},,,,ERROR: type dict doesn't define __round__ method,362.76,0.0
V53_Q_004901_Q3,[],,[],{},,,,ERROR: type dict doesn't define __round__ method,330.43,0.0
V53_Q_004901_Q4,[],,[],{},,,,ERROR: type dict doesn't define __round__ method,330.4,0.0
V53_Q_004901_Q5,[],retrieve_synthesize_execute,[],{},,,,,296.46,0.0
V53_Q_004902_Q1,[],,[],{},,,,ERROR: type dict doesn't define __round__ method,347.45,0.0
V53_Q_004902_Q2,[],,[],{},,,,ERROR: type dict doesn't define __round__ method,324.71,0.0
V53_Q_004902_Q3,[],,[],{},,,,ERROR: type dict doesn't define __round__ method,324.85,0.0
V53_Q_004902_Q4,[],retrieve_synthesize_execute,[],{},,,,,301.45,0.0
V53_Q_004902_Q5,[],,[],{},,,,ERROR: type dict doesn't define __round__ method,332.48,0.0
V53_Q_004903_Q1,[],,[],{},,,,ERROR: type dict doesn't define __round__ method,328.42,0.0
V53_Q_004903_Q2,[],,[],{},,,,ERROR: type dict doesn't define __round__ method,333.06,0.0
V53_Q_004903_Q3,[],,[],{},,,,ERROR: type dict doesn't define __round__ method,328.47,0.0
V53_Q_004903_Q4,[],,[],{},,,,ERROR: type dict doesn't define __round__ method,332.09,0.0
V53_Q_004903_Q5,[],,[],{},,,,ERROR: type dict doesn't define __round__ method,331.98,0.0
V53_Q_004904_Q1,[],,[],{},,,,ERROR: type dict doesn't define __round__ method,331.99,0.0
V53_Q_004904_Q2,[],,[],{},,,,ERROR: type dict doesn't define __round__ method,327.45,0.0
V53_Q_004904_Q3,[],,[],{},,,,ERROR: type dict doesn't define __round__ method,353.59,0.0
V53_Q_004904_Q4,[],,[],{},,,,ERROR: type dict doesn't define __round__ method,343.86,0.0
V53_Q_004904_Q5,[],,[],{},,,,ERROR: type dict doesn't define __round__ method,344.53,0.0
V53_Q_004905_Q1,[],,[],{},,,,ERROR: type dict doesn't define __round__ method,324.68,0.0
V53_Q_004905_Q2,[],,[],{},,,,ERROR: type dict doesn't define __round__ method,338.57,0.0
V53_Q_004905_Q3,[],,[],{},,,,ERROR: type dict doesn't define __round__ method,331.83,0.0
V53_Q_004905_Q4,[],,[],{},,,,ERROR: type dict doesn't define __round__ method,332.16,0.0
V53_Q_004905_Q5,[],,[],{},,,,ERROR: type dict doesn't define __round__ method,337.4,0.0
V53_Q_004906_Q1,[],,[],{},,,,ERROR: type dict doesn't define __round__ method,333.21,0.0
V53_Q_004906_Q2,[],,[],{},,,,ERROR: type dict doesn't define __round__ method,328.3,0.0
V53_Q_004906_Q3,[],,[],{},,,,ERROR: type dict doesn't define __round__ method,347.99,0.0
V53_Q_004906_Q4,[],,[],{},,,,ERROR: type dict doesn't define __round__ method,342.49,0.0
V53_Q_004906_Q5,[],,[],{},,,,ERROR: type dict doesn't define __round__ method,341.56,0.0
V53_Q_004907_Q1,[],,[],{},,,,ERROR: type dict doesn't define __round__ method,445.72,0.0
V53_Q_004907_Q2,[],,[],{},,,,ERROR: type dict doesn't define __round__ method,475.3,0.0
V53_Q_004907_Q3,[],,[],{},,,,ERROR: type dict doesn't define __round__ method,429.73,0.0
V53_Q_004907_Q4,[],,[],{},,,,ERROR: type dict doesn't define __round__ method,424.68,0.0
V53_Q_004907_Q5,[],,[],{},,,,ERROR: type dict doesn't define __round__ method,523.55,0.0
V53_Q_004908_Q1,[],,[],{},,,,ERROR: type dict doesn't define __round__ method,531.24,0.0
V53_Q_004908_Q2,[],,[],{},,,,ERROR: type dict doesn't define __round__ method,485.05,0.0
V53_Q_004908_Q3,[],,[],{},,,,ERROR: type dict doesn't define __round__ method,466.88,0.0
V53_Q_004908_Q4,[],retrieve_synthesize_execute,[],{},,,,,414.23,0.0
V53_Q_004908_Q5,[],,[],{},,,,ERROR: type dict doesn't define __round__ method,483.36,0.0
V53_Q_004909_Q1,[],,[],{},,,,ERROR: type dict doesn't define __round__ method,474.88,0.0
V53_Q_004909_Q2,[],,[],{},,,,ERROR: type dict doesn't define __round__ method,456.69,0.0
V53_Q_004909_Q3,[],,[],{},,,,ERROR: type dict doesn't define __round__ method,350.37,0.0
V53_Q_004909_Q4,[],,[],{},,,,ERROR: type dict doesn't define __round__ method,412.68,0.0
V53_Q_004909_Q5,[],,[],{},,,,ERROR: type dict doesn't define __round__ method,420.78,0.0
V53_Q_004910_Q1,[],,[],{},,,,ERROR: type dict doesn't define __round__ method,468.19,0.0
V53_Q_004910_Q2,[],retrieve_synthesize_execute,[],{},,,,,451.47,0.0
V53_Q_004910_Q3,[],,[],{},,,,ERROR: type dict doesn't define __round__ method,613.57,0.0
V53_Q_004910_Q4,[],,[],{},,,,ERROR: type dict doesn't define __round__ method,433.62,0.0
V53_Q_004910_Q5,[],,[],{},,,,ERROR: type dict doesn't define __round__ method,391.7,0.0
V53_Q_004911_Q1,[],,[],{},,,,ERROR: type dict doesn't define __round__ method,443.88,0.0
V53_Q_004911_Q2,[],,[],{},,,,ERROR: type dict doesn't define __round__ method,487.78,0.0
V53_Q_004911_Q3,[],,[],{},,,,ERROR: type dict doesn't define __round__ method,422.71,0.0
V53_Q_004911_Q4,[],,[],{},,,,ERROR: type dict doesn't define __round__ method,403.45,0.0
V53_Q_004911_Q5,[],,[],{},,,,ERROR: type dict doesn't define __round__ method,423.6,0.0
V53_Q_004912_Q1,[],,[],{},,,,ERROR: type dict doesn't define __round__ method,361.11,0.0
V53_Q_004912_Q2,[],retrieve_synthesize_execute,[],{},,,,,298.07,0.0
V53_Q_004912_Q3,[],,[],{},,,,ERROR: type dict doesn't define __round__ method,330.44,0.0
V53_Q_004912_Q4,[],retrieve_synthesize_execute,[],{},,,,,299.15,0.0
V53_Q_004912_Q5,[],,[],{},,,,ERROR: type dict doesn't define __round__ method,325.98,0.0
V53_Q_004913_Q1,[],,[],{},,,,ERROR: type dict doesn't define __round__ method,335.16,0.0
V53_Q_004913_Q2,[],retrieve_synthesize_execute,[],{},,,,,302.78,0.0
V53_Q_004913_Q3,[],,[],{},,,,ERROR: type dict doesn't define __round__ method,319.3,0.0
V53_Q_004913_Q4,[],retrieve_synthesize_execute,[],{},,,,,293.24,0.0
V53_Q_004913_Q5,[],,[],{},,,,ERROR: type dict doesn't define __round__ method,320.02,0.0
V53_Q_004914_Q1,[],,[],{},,,,ERROR: type dict doesn't define __round__ method,347.77,0.0
V53_Q_004914_Q2,[],,[],{},,,,ERROR: type dict doesn't define __round__ method,324.29,0.0
V53_Q_004914_Q3,[],,[],{},,,,ERROR: type dict doesn't define __round__ method,334.44,0.0
V53_Q_004914_Q4,[],retrieve_synthesize_execute,[],{},,,,,313.04,0.0
V53_Q_004914_Q5,[],,[],{},,,,ERROR: type dict doesn't define __round__ method,342.82,0.0
V53_Q_004915_Q1,[],,[],{},,,,ERROR: type dict doesn't define __round__ method,338.21,0.0
V53_Q_004915_Q2,[],retrieve_synthesize_execute,[],{},,,,,301.48,0.0
V53_Q_004915_Q3,[],,[],{},,,,ERROR: type dict doesn't define __round__ method,333.17,0.0
V53_Q_004915_Q4,[],,[],{},,,,ERROR: type dict doesn't define __round__ method,348.52,0.0
V53_Q_004915_Q5,[],,[],{},,,,ERROR: type dict doesn't define __round__ method,340.0,0.0
V53_Q_004916_Q1,[],,[],{},,,,ERROR: type dict doesn't define __round__ method,344.7,0.0
V53_Q_004916_Q2,[],,[],{},,,,ERROR: type dict doesn't define __round__ method,334.96,0.0
V53_Q_004916_Q3,[],,[],{},,,,ERROR: type dict doesn't define __round__ method,331.25,0.0
V53_Q_004916_Q4,[],,[],{},,,,ERROR: type dict doesn't define __round__ method,334.62,0.0
V53_Q_004916_Q5,[],,[],{},,,,ERROR: type dict doesn't define __round__ method,331.11,0.0
V53_Q_004917_Q1,[],,[],{},,,,ERROR: type dict doesn't define __round__ method,339.8,0.0
V53_Q_004917_Q2,[],retrieve_synthesize_execute,[],{},,,,,302.26,0.0
V53_Q_004917_Q3,[],,[],{},,,,ERROR: type dict doesn't define __round__ method,322.68,0.0
V53_Q_004917_Q4,[],,[],{},,,,ERROR: type dict doesn't define __round__ method,335.61,0.0
V53_Q_004917_Q5,[],retrieve_synthesize_execute,[],{},,,,,309.69,0.0
V53_Q_004918_Q1,[],,[],{},,,,ERROR: type dict doesn't define __round__ method,495.72,0.0
V53_Q_004918_Q2,[],retrieve_synthesize_execute,[],{},,,,,412.04,0.0
V53_Q_004918_Q3,[],,[],{},,,,ERROR: type dict doesn't define __round__ method,410.6,0.0
V53_Q_004918_Q4,[],retrieve_synthesize_execute,[],{},,,,,474.81,0.0
V53_Q_004918_Q5,[],,[],{},,,,ERROR: type dict doesn't define __round__ method,463.56,0.0
V53_Q_004919_Q1,[],,[],{},,,,ERROR: type dict doesn't define __round__ method,509.26,0.0
V53_Q_004919_Q2,[],,[],{},,,,ERROR: type dict doesn't define __round__ method,513.57,0.0
V53_Q_004919_Q3,[],,[],{},,,,ERROR: type dict doesn't define __round__ method,574.86,0.0
V53_Q_004919_Q4,[],,[],{},,,,ERROR: type dict doesn't define __round__ method,478.14,0.0
V53_Q_004919_Q5,[],,[],{},,,,ERROR: type dict doesn't define __round__ method,477.96,0.0
V53_Q_004920_Q1,[],,[],{},,,,ERROR: type dict doesn't define __round__ method,485.9,0.0
V53_Q_004920_Q2,[],,[],{},,,,ERROR: type dict doesn't define __round__ method,366.41,0.0
V53_Q_004920_Q3,[],,[],{},,,,ERROR: type dict doesn't define __round__ method,365.7,0.0
V53_Q_004920_Q4,[],,[],{},,,,ERROR: type dict doesn't define __round__ method,353.01,0.0
V53_Q_004920_Q5,[],,[],{},,,,ERROR: type dict doesn't define __round__ method,374.07,0.0
V53_Q_004921_Q1,[],,[],{},,,,ERROR: type dict doesn't define __round__ method,430.11,0.0
V53_Q_004921_Q2,[],,[],{},,,,ERROR: type dict doesn't define __round__ method,445.25,0.0
V53_Q_004921_Q3,[],,[],{},,,,ERROR: type dict doesn't define __round__ method,498.88,0.0
V53_Q_004921_Q4,[],retrieve_synthesize_execute,[],{},,,,,441.08,0.0
V53_Q_004921_Q5,[],,[],{},,,,ERROR: type dict doesn't define __round__ method,544.92,0.0
V53_Q_004922_Q1,[],,[],{},,,,ERROR: type dict doesn't define __round__ method,691.2,0.0
V53_Q_004922_Q2,[],retrieve_synthesize_execute,[],{},,,,,445.09,0.0
V53_Q_004922_Q3,[],,[],{},,,,ERROR: type dict doesn't define __round__ method,368.53,0.0
V53_Q_004922_Q4,[],retrieve_synthesize_execute,[],{},,,,,338.61,0.0
V53_Q_004922_Q5,[],retrieve_synthesize_execute,[],{},,,,,332.75,0.0
V53_Q_004923_Q1,[],,[],{},,,,ERROR: type dict doesn't define __round__ method,333.62,0.0
V53_Q_004923_Q2,[],,[],{},,,,ERROR: type dict doesn't define __round__ method,322.82,0.0
V53_Q_004923_Q3,[],,[],{},,,,ERROR: type dict doesn't define __round__ method,328.18,0.0
V53_Q_004923_Q4,[],,[],{},,,,ERROR: type dict doesn't define __round__ method,325.6,0.0
V53_Q_004923_Q5,[],,[],{},,,,ERROR: type dict doesn't define __round__ method,328.28,0.0
V53_Q_004924_Q1,[],,[],{},,,,ERROR: type dict doesn't define __round__ method,336.29,0.0
V53_Q_004924_Q2,[],,[],{},,,,ERROR: type dict doesn't define __round__ method,342.15,0.0
V53_Q_004924_Q3,[],,[],{},,,,ERROR: type dict doesn't define __round__ method,351.83,0.0
V53_Q_004924_Q4,[],,[],{},,,,ERROR: type dict doesn't define __round__ method,338.58,0.0
V53_Q_004924_Q5,[],,[],{},,,,ERROR: type dict doesn't define __round__ method,335.37,0.0
V53_Q_004925_Q1,[],,[],{},,,,ERROR: type dict doesn't define __round__ method,342.82,0.0
V53_Q_004925_Q2,[],,[],{},,,,ERROR: type dict doesn't define __round__ method,329.2,0.0
V53_Q_004925_Q3,[],,[],{},,,,ERROR: type dict doesn't define __round__ method,332.84,0.0
V53_Q_004925_Q4,[],,[],{},,,,ERROR: type dict doesn't define __round__ method,332.67,0.0
V53_Q_004925_Q5,[],,[],{},,,,ERROR: type dict doesn't define __round__ method,334.31,0.0
V53_Q_004926_Q1,[],,[],{},,,,ERROR: type dict doesn't define __round__ method,326.99,0.0
V53_Q_004926_Q2,[],,[],{},,,,ERROR: type dict doesn't define __round__ method,330.82,0.0
V53_Q_004926_Q3,[],,[],{},,,,ERROR: type dict doesn't define __round__ method,325.08,0.0
V53_Q_004926_Q4,[],retrieve_synthesize_execute,[],{},,,,,298.63,0.0
V53_Q_004926_Q5,[],,[],{},,,,ERROR: type dict doesn't define __round__ method,335.11,0.0
V53_Q_004927_Q1,[],,[],{},,,,ERROR: type dict doesn't define __round__ method,330.79,0.0
V53_Q_004927_Q2,[],,[],{},,,,ERROR: type dict doesn't define __round__ method,328.84,0.0
V53_Q_004927_Q3,[],,[],{},,,,ERROR: type dict doesn't define __round__ method,325.63,0.0
V53_Q_004927_Q4,[],retrieve_synthesize_execute,[],{},,,,,299.44,0.0
V53_Q_004927_Q5,[],,[],{},,,,ERROR: type dict doesn't define __round__ method,337.19,0.0
V53_Q_004928_Q1,[],,[],{},,,,ERROR: type dict doesn't define __round__ method,346.96,0.0
V53_Q_004928_Q2,[],,[],{},,,,ERROR: type dict doesn't define __round__ method,335.73,0.0
V53_Q_004928_Q3,[],,[],{},,,,ERROR: type dict doesn't define __round__ method,324.43,0.0
V53_Q_004928_Q4,[],,[],{},,,,ERROR: type dict doesn't define __round__ method,380.92,0.0
V53_Q_004928_Q5,[],,[],{},,,,ERROR: type dict doesn't define __round__ method,474.98,0.0
V53_Q_004929_Q1,[],,[],{},,,,ERROR: type dict doesn't define __round__ method,484.77,0.0
V53_Q_004929_Q2,[],,[],{},,,,ERROR: type dict doesn't define __round__ method,465.93,0.0
V53_Q_004929_Q3,[],,[],{},,,,ERROR: type dict doesn't define __round__ method,488.01,0.0
V53_Q_004929_Q4,[],,[],{},,,,ERROR: type dict doesn't define __round__ method,456.79,0.0
V53_Q_004929_Q5,[],,[],{},,,,ERROR: type dict doesn't define __round__ method,462.41,0.0
V53_Q_004930_Q1,[],,[],{},,,,ERROR: type dict doesn't define __round__ method,496.96,0.0
V53_Q_004930_Q2,[],,[],{},,,,ERROR: type dict doesn't define __round__ method,631.71,0.0
V53_Q_004930_Q3,[],,[],{},,,,ERROR: type dict doesn't define __round__ method,472.53,0.0
V53_Q_004930_Q4,[],retrieve_synthesize_execute,[],{},,,,,427.67,0.0
V53_Q_004930_Q5,[],retrieve_synthesize_execute,[],{},,,,,409.61,0.0
V53_Q_004931_Q1,[],,[],{},,,,ERROR: type dict doesn't define __round__ method,392.78,0.0
V53_Q_004931_Q2,[],retrieve_synthesize_execute,[],{},,,,,316.94,0.0
V53_Q_004931_Q3,[],,[],{},,,,ERROR: type dict doesn't define __round__ method,384.95,0.0
V53_Q_004931_Q4,[],,[],{},,,,ERROR: type dict doesn't define __round__ method,408.24,0.0
V53_Q_004931_Q5,[],retrieve_synthesize_execute,[],{},,,,,412.39,0.0
V53_Q_004932_Q1,[],,[],{},,,,ERROR: type dict doesn't define __round__ method,556.1,0.0
V53_Q_004932_Q2,[],,[],{},,,,ERROR: type dict doesn't define __round__ method,1331.4,0.0
V53_Q_004932_Q3,[],,[],{},,,,ERROR: type dict doesn't define __round__ method,578.42,0.0
V53_Q_004932_Q4,[],,[],{},,,,ERROR: type dict doesn't define __round__ method,542.81,0.0
V53_Q_004932_Q5,[],,[],{},,,,ERROR: type dict doesn't define __round__ method,458.04,0.0
V53_Q_004933_Q1,[],,[],{},,,,ERROR: type dict doesn't define __round__ method,381.59,0.0
V53_Q_004933_Q2,[],,[],{},,,,ERROR: type dict doesn't define __round__ method,329.83,0.0
V53_Q_004933_Q3,[],,[],{},,,,ERROR: type dict doesn't define __round__ method,337.43,0.0
V53_Q_004933_Q4,[],retrieve_synthesize_execute,[],{},,,,,308.91,0.0
V53_Q_004933_Q5,[],,[],{},,,,ERROR: type dict doesn't define __round__ method,328.53,0.0
V53_Q_004934_Q1,[],,[],{},,,,ERROR: type dict doesn't define __round__ method,338.07,0.0
V53_Q_004934_Q2,[],,[],{},,,,ERROR: type dict doesn't define __round__ method,329.23,0.0
V53_Q_004934_Q3,[],,[],{},,,,ERROR: type dict doesn't define __round__ method,325.9,0.0
V53_Q_004934_Q4,[],retrieve_synthesize_execute,[],{},,,,,295.07,0.0
V53_Q_004934_Q5,[],,[],{},,,,ERROR: type dict doesn't define __round__ method,327.41,0.0
V53_Q_004935_Q1,[],,[],{},,,,ERROR: type dict doesn't define __round__ method,447.76,0.0
V53_Q_004935_Q2,[],,[],{},,,,ERROR: type dict doesn't define __round__ method,345.04,0.0
V53_Q_004935_Q3,[],,[],{},,,,ERROR: type dict doesn't define __round__ method,338.31,0.0
V53_Q_004935_Q4,[],,[],{},,,,ERROR: type dict doesn't define __round__ method,344.67,0.0
V53_Q_004935_Q5,[],,[],{},,,,ERROR: type dict doesn't define __round__ method,336.14,0.0
V53_Q_004936_Q1,[],,[],{},,,,ERROR: type dict doesn't define __round__ method,346.97,0.0
V53_Q_004936_Q2,[],,[],{},,,,ERROR: type dict doesn't define __round__ method,331.24,0.0
V53_Q_004936_Q3,[],,[],{},,,,ERROR: type dict doesn't define __round__ method,328.51,0.0
V53_Q_004936_Q4,[],retrieve_synthesize_execute,[],{},,,,,305.15,0.0
V53_Q_004936_Q5,[],retrieve_synthesize_execute,[],{},,,,,309.21,0.0
V53_Q_004937_Q1,[],,[],{},,,,ERROR: type dict doesn't define __round__ method,353.2,0.0
V53_Q_004937_Q2,[],retrieve_synthesize_execute,[],{},,,,,311.75,0.0
V53_Q_004937_Q3,[],,[],{},,,,ERROR: type dict doesn't define __round__ method,328.29,0.0
V53_Q_004937_Q4,[],,[],{},,,,ERROR: type dict doesn't define __round__ method,341.46,0.0
V53_Q_004937_Q5,[],retrieve_synthesize_execute,[],{},,,,,303.38,0.0
V53_Q_004938_Q1,[],,[],{},,,,ERROR: type dict doesn't define __round__ method,347.36,0.0
V53_Q_004938_Q2,[],,[],{},,,,ERROR: type dict doesn't define __round__ method,406.33,0.0
V53_Q_004938_Q3,[],,[],{},,,,ERROR: type dict doesn't define __round__ method,493.52,0.0
V53_Q_004938_Q4,[],,[],{},,,,ERROR: type dict doesn't define __round__ method,619.3,0.0
V53_Q_004938_Q5,[],retrieve_synthesize_execute,[],{},,,,,489.96,0.0
V53_Q_004939_Q1,[],,[],{},,,,ERROR: type dict doesn't define __round__ method,445.26,0.0
V53_Q_004939_Q2,[],retrieve_synthesize_execute,[],{},,,,,414.33,0.0
V53_Q_004939_Q3,[],,[],{},,,,ERROR: type dict doesn't define __round__ method,609.23,0.0
V53_Q_004939_Q4,[],retrieve_synthesize_execute,[],{},,,,,634.69,0.0
V53_Q_004939_Q5,[],,[],{},,,,ERROR: type dict doesn't define __round__ method,797.22,0.0
V53_Q_004940_Q1,[],,[],{},,,,ERROR: type dict doesn't define __round__ method,652.84,0.0
V53_Q_004940_Q2,[],,[],{},,,,ERROR: type dict doesn't define __round__ method,3015.23,0.0
V53_Q_004940_Q3,[],,[],{},,,,ERROR: type dict doesn't define __round__ method,505.47,0.0
V53_Q_004940_Q4,[],,[],{},,,,ERROR: type dict doesn't define __round__ method,791.33,0.0
V53_Q_004940_Q5,[],,[],{},,,,ERROR: type dict doesn't define __round__ method,714.69,0.0
V53_Q_004941_Q1,[],,[],{},,,,ERROR: type dict doesn't define __round__ method,1402.26,0.0
V53_Q_004941_Q2,[],,[],{},,,,ERROR: type dict doesn't define __round__ method,363.37,0.0
V53_Q_004941_Q3,[],,[],{},,,,ERROR: type dict doesn't define __round__ method,328.33,0.0
V53_Q_004941_Q4,[],,[],{},,,,ERROR: type dict doesn't define __round__ method,339.37,0.0
V53_Q_004941_Q5,[],,[],{},,,,ERROR: type dict doesn't define __round__ method,337.83,0.0
V53_Q_004942_Q1,[],retrieve_synthesize_execute,[],{},,,,,314.5,0.0
V53_Q_004942_Q2,[],,[],{},,,,ERROR: type dict doesn't define __round__ method,332.71,0.0
V53_Q_004942_Q3,[],,[],{},,,,ERROR: type dict doesn't define __round__ method,328.03,0.0
V53_Q_004942_Q4,[],retrieve_synthesize_execute,[],{},,,,,302.39,0.0
V53_Q_004942_Q5,[],,[],{},,,,ERROR: type dict doesn't define __round__ method,341.08,0.0
V53_Q_004943_Q1,[],,[],{},,,,ERROR: type dict doesn't define __round__ method,354.19,0.0
V53_Q_004943_Q2,[],retrieve_synthesize_execute,[],{},,,,,306.18,0.0
V53_Q_004943_Q3,[],,[],{},,,,ERROR: type dict doesn't define __round__ method,331.68,0.0
V53_Q_004943_Q4,[],,[],{},,,,ERROR: type dict doesn't define __round__ method,353.47,0.0
V53_Q_004943_Q5,[],,[],{},,,,ERROR: type dict doesn't define __round__ method,378.72,0.0
V53_Q_004944_Q1,[],,[],{},,,,ERROR: type dict doesn't define __round__ method,333.78,0.0
V53_Q_004944_Q2,[],,[],{},,,,ERROR: type dict doesn't define __round__ method,332.97,0.0
V53_Q_004944_Q3,[],,[],{},,,,ERROR: type dict doesn't define __round__ method,324.33,0.0
V53_Q_004944_Q4,[],,[],{},,,,ERROR: type dict doesn't define __round__ method,329.78,0.0
V53_Q_004944_Q5,[],,[],{},,,,ERROR: type dict doesn't define __round__ method,330.45,0.0
V53_Q_004945_Q1,[],,[],{},,,,ERROR: type dict doesn't define __round__ method,327.33,0.0
V53_Q_004945_Q2,[],retrieve_synthesize_execute,[],{},,,,,309.65,0.0
V53_Q_004945_Q3,[],,[],{},,,,ERROR: type dict doesn't define __round__ method,339.52,0.0
V53_Q_004945_Q4,[],retrieve_synthesize_execute,[],{},,,,,319.11,0.0
V53_Q_004945_Q5,[],retrieve_synthesize_execute,[],{},,,,,330.1,0.0
V53_Q_004946_Q1,[],,[],{},,,,ERROR: type dict doesn't define __round__ method,343.82,0.0
V53_Q_004946_Q2,[],,[],{},,,,ERROR: type dict doesn't define __round__ method,371.47,0.0
V53_Q_004946_Q3,[],,[],{},,,,ERROR: type dict doesn't define __round__ method,336.12,0.0
V53_Q_004946_Q4,[],retrieve_synthesize_execute,[],{},,,,,297.39,0.0
V53_Q_004946_Q5,[],,[],{},,,,ERROR: type dict doesn't define __round__ method,402.79,0.0
V53_Q_004947_Q1,[],,[],{},,,,ERROR: type dict doesn't define __round__ method,473.82,0.0
V53_Q_004947_Q2,[],,[],{},,,,ERROR: type dict doesn't define __round__ method,534.0,0.0
V53_Q_004947_Q3,[],,[],{},,,,ERROR: type dict doesn't define __round__ method,413.73,0.0
V53_Q_004947_Q4,[],,[],{},,,,ERROR: type dict doesn't define __round__ method,512.18,0.0
V53_Q_004947_Q5,[],,[],{},,,,ERROR: type dict doesn't define __round__ method,437.39,0.0
V53_Q_004948_Q1,[],,[],{},,,,ERROR: type dict doesn't define __round__ method,422.29,0.0
V53_Q_004948_Q2,[],,[],{},,,,ERROR: type dict doesn't define __round__ method,478.41,0.0
V53_Q_004948_Q3,[],,[],{},,,,ERROR: type dict doesn't define __round__ method,556.06,0.0
V53_Q_004948_Q4,[],retrieve_synthesize_execute,[],{},,,,,414.81,0.0
V53_Q_004948_Q5,[],,[],{},,,,ERROR: type dict doesn't define __round__ method,491.99,0.0
V53_Q_004949_Q1,[],,[],{},,,,ERROR: type dict doesn't define __round__ method,441.51,0.0
V53_Q_004949_Q2,[],,[],{},,,,ERROR: type dict doesn't define __round__ method,381.77,0.0
V53_Q_004949_Q3,[],,[],{},,,,ERROR: type dict doesn't define __round__ method,383.73,0.0
V53_Q_004949_Q4,[],,[],{},,,,ERROR: type dict doesn't define __round__ method,471.88,0.0
V53_Q_004949_Q5,[],,[],{},,,,ERROR: type dict doesn't define __round__ method,453.9,0.0
V53_Q_004950_Q1,[],,[],{},,,,ERROR: type dict doesn't define __round__ method,680.25,0.0
V53_Q_004950_Q2,[],,[],{},,,,ERROR: type dict doesn't define __round__ method,721.34,0.0
V53_Q_004950_Q3,[],,[],{},,,,ERROR: type dict doesn't define __round__ method,593.19,0.0
V53_Q_004950_Q4,[],retrieve_synthesize_execute,[],{},,,,,429.91,0.0
V53_Q_004950_Q5,[],,[],{},,,,ERROR: type dict doesn't define __round__ method,481.57,0.0
V53_Q_004951_Q1,[],,[],{},,,,ERROR: type dict doesn't define __round__ method,471.75,0.0
V53_Q_004951_Q2,[],,[],{},,,,ERROR: type dict doesn't define __round__ method,431.7,0.0
V53_Q_004951_Q3,[],,[],{},,,,ERROR: type dict doesn't define __round__ method,362.4,0.0
V53_Q_004951_Q4,[],,[],{},,,,ERROR: type dict doesn't define __round__ method,335.23,0.0
V53_Q_004951_Q5,[],,[],{},,,,ERROR: type dict doesn't define __round__ method,322.17,0.0
V53_Q_004952_Q1,[],,[],{},,,,ERROR: type dict doesn't define __round__ method,335.62,0.0
V53_Q_004952_Q2,[],,[],{},,,,ERROR: type dict doesn't define __round__ method,329.67,0.0
V53_Q_004952_Q3,[],,[],{},,,,ERROR: type dict doesn't define __round__ method,327.1,0.0
V53_Q_004952_Q4,[],retrieve_synthesize_execute,[],{},,,,,301.84,0.0
V53_Q_004952_Q5,[],,[],{},,,,ERROR: type dict doesn't define __round__ method,427.07,0.0
V53_Q_004953_Q1,[],,[],{},,,,ERROR: type dict doesn't define __round__ method,360.69,0.0
V53_Q_004953_Q2,[],,[],{},,,,ERROR: type dict doesn't define __round__ method,333.42,0.0
V53_Q_004953_Q3,[],,[],{},,,,ERROR: type dict doesn't define __round__ method,324.66,0.0
V53_Q_004953_Q4,[],,[],{},,,,ERROR: type dict doesn't define __round__ method,332.63,0.0
V53_Q_004953_Q5,[],,[],{},,,,ERROR: type dict doesn't define __round__ method,331.09,0.0
V53_Q_004954_Q1,[],,[],{},,,,ERROR: type dict doesn't define __round__ method,464.89,0.0
V53_Q_004954_Q2,[],,[],{},,,,ERROR: type dict doesn't define __round__ method,336.18,0.0
V53_Q_004954_Q3,[],,[],{},,,,ERROR: type dict doesn't define __round__ method,378.2,0.0
V53_Q_004954_Q4,[],,[],{},,,,ERROR: type dict doesn't define __round__ method,331.12,0.0
V53_Q_004954_Q5,[],,[],{},,,,ERROR: type dict doesn't define __round__ method,332.29,0.0
V53_Q_004955_Q1,[],,[],{},,,,ERROR: type dict doesn't define __round__ method,335.22,0.0
V53_Q_004955_Q2,[],retrieve_synthesize_execute,[],{},,,,,308.82,0.0
V53_Q_004955_Q3,[],,[],{},,,,ERROR: type dict doesn't define __round__ method,333.47,0.0
V53_Q_004955_Q4,[],,[],{},,,,ERROR: type dict doesn't define __round__ method,333.16,0.0
V53_Q_004955_Q5,[],retrieve_synthesize_execute,[],{},,,,,315.01,0.0
V53_Q_004956_Q1,[],,[],{},,,,ERROR: type dict doesn't define __round__ method,353.8,0.0
V53_Q_004956_Q2,[],,[],{},,,,ERROR: type dict doesn't define __round__ method,379.57,0.0
V53_Q_004956_Q3,[],,[],{},,,,ERROR: type dict doesn't define __round__ method,416.31,0.0
V53_Q_004956_Q4,[],,[],{},,,,ERROR: type dict doesn't define __round__ method,409.79,0.0
V53_Q_004956_Q5,[],retrieve_synthesize_execute,[],{},,,,,347.46,0.0
V53_Q_004957_Q1,[],,[],{},,,,ERROR: type dict doesn't define __round__ method,425.61,0.0
V53_Q_004957_Q2,[],,[],{},,,,ERROR: type dict doesn't define __round__ method,455.91,0.0
V53_Q_004957_Q3,[],,[],{},,,,ERROR: type dict doesn't define __round__ method,449.42,0.0
V53_Q_004957_Q4,[],,[],{},,,,ERROR: type dict doesn't define __round__ method,469.05,0.0
V53_Q_004957_Q5,[],,[],{},,,,ERROR: type dict doesn't define __round__ method,502.49,0.0
V53_Q_004958_Q1,[],,[],{},,,,ERROR: type dict doesn't define __round__ method,499.17,0.0
V53_Q_004958_Q2,[],,[],{},,,,ERROR: type dict doesn't define __round__ method,518.0,0.0
V53_Q_004958_Q3,[],,[],{},,,,ERROR: type dict doesn't define __round__ method,413.82,0.0
V53_Q_004958_Q4,[],,[],{},,,,ERROR: type dict doesn't define __round__ method,486.59,0.0
V53_Q_004958_Q5,[],,[],{},,,,ERROR: type dict doesn't define __round__ method,412.34,0.0
V53_Q_004959_Q1,[],,[],{},,,,ERROR: type dict doesn't define __round__ method,428.68,0.0
V53_Q_004959_Q2,[],,[],{},,,,ERROR: type dict doesn't define __round__ method,475.02,0.0
V53_Q_004959_Q3,[],,[],{},,,,ERROR: type dict doesn't define __round__ method,435.14,0.0
V53_Q_004959_Q4,[],retrieve_synthesize_execute,[],{},,,,,387.92,0.0
V53_Q_004959_Q5,[],,[],{},,,,ERROR: type dict doesn't define __round__ method,654.9,0.0
V53_Q_004960_Q1,[],,[],{},,,,ERROR: type dict doesn't define __round__ method,835.39,0.0
V53_Q_004960_Q2,[],,[],{},,,,ERROR: type dict doesn't define __round__ method,676.65,0.0
V53_Q_004960_Q3,[],,[],{},,,,ERROR: type dict doesn't define __round__ method,586.64,0.0
V53_Q_004960_Q4,[],retrieve_synthesize_execute,[],{},,,,,373.52,0.0
V53_Q_004960_Q5,[],,[],{},,,,ERROR: type dict doesn't define __round__ method,484.56,0.0
V53_Q_004961_Q1,[],,[],{},,,,ERROR: type dict doesn't define __round__ method,561.39,0.0
V53_Q_004961_Q2,[],,[],{},,,,ERROR: type dict doesn't define __round__ method,451.53,0.0
V53_Q_004961_Q3,[],,[],{},,,,ERROR: type dict doesn't define __round__ method,399.38,0.0
V53_Q_004961_Q4,[],,[],{},,,,ERROR: type dict doesn't define __round__ method,352.53,0.0
V53_Q_004961_Q5,[],retrieve_synthesize_execute,[],{},,,,,299.39,0.0
V53_Q_004962_Q1,[],,[],{},,,,ERROR: type dict doesn't define __round__ method,348.66,0.0
V53_Q_004962_Q2,[],,[],{},,,,ERROR: type dict doesn't define __round__ method,325.36,0.0
V53_Q_004962_Q3,[],,[],{},,,,ERROR: type dict doesn't define __round__ method,325.29,0.0
V53_Q_004962_Q4,[],retrieve_synthesize_execute,[],{},,,,,305.2,0.0
V53_Q_004962_Q5,[],,[],{},,,,ERROR: type dict doesn't define __round__ method,344.06,0.0
V53_Q_004963_Q1,[],,[],{},,,,ERROR: type dict doesn't define __round__ method,345.44,0.0
V53_Q_004963_Q2,[],retrieve_synthesize_execute,[],{},,,,,319.68,0.0
V53_Q_004963_Q3,[],,[],{},,,,ERROR: type dict doesn't define __round__ method,341.19,0.0
V53_Q_004963_Q4,[],retrieve_synthesize_execute,[],{},,,,,340.45,0.0
V53_Q_004963_Q5,[],,[],{},,,,ERROR: type dict doesn't define __round__ method,387.81,0.0
V53_Q_004964_Q1,[],,[],{},,,,ERROR: type dict doesn't define __round__ method,351.74,0.0
V53_Q_004964_Q2,[],,[],{},,,,ERROR: type dict doesn't define __round__ method,342.15,0.0
V53_Q_004964_Q3,[],,[],{},,,,ERROR: type dict doesn't define __round__ method,331.24,0.0
V53_Q_004964_Q4,[],,[],{},,,,ERROR: type dict doesn't define __round__ method,328.14,0.0
V53_Q_004964_Q5,[],,[],{},,,,ERROR: type dict doesn't define __round__ method,331.06,0.0
V53_Q_004965_Q1,[],,[],{},,,,ERROR: type dict doesn't define __round__ method,357.46,0.0
V53_Q_004965_Q2,[],,[],{},,,,ERROR: type dict doesn't define __round__ method,336.21,0.0
V53_Q_004965_Q3,[],,[],{},,,,ERROR: type dict doesn't define __round__ method,408.37,0.0
V53_Q_004965_Q4,[],,[],{},,,,ERROR: type dict doesn't define __round__ method,346.03,0.0
V53_Q_004965_Q5,[],,[],{},,,,ERROR: type dict doesn't define __round__ method,369.64,0.0
V53_Q_004966_Q1,[],,[],{},,,,ERROR: type dict doesn't define __round__ method,372.43,0.0
V53_Q_004966_Q2,[],,[],{},,,,ERROR: type dict doesn't define __round__ method,401.01,0.0
V53_Q_004966_Q3,[],,[],{},,,,ERROR: type dict doesn't define __round__ method,374.16,0.0
V53_Q_004966_Q4,[],,[],{},,,,ERROR: type dict doesn't define __round__ method,373.58,0.0
V53_Q_004966_Q5,[],,[],{},,,,ERROR: type dict doesn't define __round__ method,380.48,0.0
V53_Q_004967_Q1,[],,[],{},,,,ERROR: type dict doesn't define __round__ method,459.19,0.0
V53_Q_004967_Q2,[],,[],{},,,,ERROR: type dict doesn't define __round__ method,423.81,0.0
V53_Q_004967_Q3,[],,[],{},,,,ERROR: type dict doesn't define __round__ method,451.94,0.0
V53_Q_004967_Q4,[],,[],{},,,,ERROR: type dict doesn't define __round__ method,468.54,0.0
V53_Q_004967_Q5,[],,[],{},,,,ERROR: type dict doesn't define __round__ method,464.99,0.0
V53_Q_004968_Q1,[],,[],{},,,,ERROR: type dict doesn't define __round__ method,844.72,0.0
V53_Q_004968_Q2,[],retrieve_synthesize_execute,[],{},,,,,311.27,0.0
V53_Q_004968_Q3,[],,[],{},,,,ERROR: type dict doesn't define __round__ method,190.14,0.0
V53_Q_004968_Q4,[],retrieve_synthesize_execute,[],{},,,,,186.6,0.0
V53_Q_004968_Q5,[],,[],{},,,,ERROR: type dict doesn't define __round__ method,218.74,0.0
V53_Q_004969_Q1,[],,[],{},,,,ERROR: type dict doesn't define __round__ method,256.38,0.0
V53_Q_004969_Q2,[],,[],{},,,,ERROR: type dict doesn't define __round__ method,206.91,0.0
V53_Q_004969_Q3,[],,[],{},,,,ERROR: type dict doesn't define __round__ method,186.59,0.0
V53_Q_004969_Q4,[],,[],{},,,,ERROR: type dict doesn't define __round__ method,209.97,0.0
V53_Q_004969_Q5,[],,[],{},,,,ERROR: type dict doesn't define __round__ method,171.51,0.0
V53_Q_004970_Q1,[],,[],{},,,,ERROR: type dict doesn't define __round__ method,184.57,0.0
V53_Q_004970_Q2,[],,[],{},,,,ERROR: type dict doesn't define __round__ method,180.95,0.0
V53_Q_004970_Q3,[],,[],{},,,,ERROR: type dict doesn't define __round__ method,183.72,0.0
V53_Q_004970_Q4,[],,[],{},,,,ERROR: type dict doesn't define __round__ method,208.88,0.0
V53_Q_004970_Q5,[],,[],{},,,,ERROR: type dict doesn't define __round__ method,196.31,0.0
V53_Q_004971_Q1,[],,[],{},,,,ERROR: type dict doesn't define __round__ method,261.59,0.0
V53_Q_004971_Q2,[],retrieve_synthesize_execute,[],{},,,,,185.95,0.0
V53_Q_004971_Q3,[],,[],{},,,,ERROR: type dict doesn't define __round__ method,217.41,0.0
V53_Q_004971_Q4,[],,[],{},,,,ERROR: type dict doesn't define __round__ method,238.24,0.0
V53_Q_004971_Q5,[],retrieve_synthesize_execute,[],{},,,,,213.96,0.0
V53_Q_004972_Q1,[],,[],{},,,,ERROR: type dict doesn't define __round__ method,238.72,0.0
V53_Q_004972_Q2,[],,[],{},,,,ERROR: type dict doesn't define __round__ method,383.69,0.0
V53_Q_004972_Q3,[],,[],{},,,,ERROR: type dict doesn't define __round__ method,444.89,0.0
V53_Q_004972_Q4,[],,[],{},,,,ERROR: type dict doesn't define __round__ method,177.34,0.0
V53_Q_004972_Q5,[],,[],{},,,,ERROR: type dict doesn't define __round__ method,192.26,0.0
V53_Q_004973_Q1,[],,[],{},,,,ERROR: type dict doesn't define __round__ method,213.66,0.0
V53_Q_004973_Q2,[],,[],{},,,,ERROR: type dict doesn't define __round__ method,167.39,0.0
V53_Q_004973_Q3,[],,[],{},,,,ERROR: type dict doesn't define __round__ method,456.78,0.0
V53_Q_004973_Q4,[],,[],{},,,,ERROR: type dict doesn't define __round__ method,333.52,0.0
V53_Q_004973_Q5,[],,[],{},,,,ERROR: type dict doesn't define __round__ method,263.13,0.0
V53_Q_004974_Q1,[],,[],{},,,,ERROR: type dict doesn't define __round__ method,173.55,0.0
V53_Q_004974_Q2,[],,[],{},,,,ERROR: type dict doesn't define __round__ method,159.74,0.0
V53_Q_004974_Q3,[],,[],{},,,,ERROR: type dict doesn't define __round__ method,161.06,0.0
V53_Q_004974_Q4,[],,[],{},,,,ERROR: type dict doesn't define __round__ method,161.3,0.0
V53_Q_004974_Q5,[],,[],{},,,,ERROR: type dict doesn't define __round__ method,182.66,0.0
V53_Q_004975_Q1,[],,[],{},,,,ERROR: type dict doesn't define __round__ method,163.28,0.0
V53_Q_004975_Q2,[],,[],{},,,,ERROR: type dict doesn't define __round__ method,166.81,0.0
V53_Q_004975_Q3,[],,[],{},,,,ERROR: type dict doesn't define __round__ method,160.62,0.0
V53_Q_004975_Q4,[],,[],{},,,,ERROR: type dict doesn't define __round__ method,163.09,0.0
V53_Q_004975_Q5,[],,[],{},,,,ERROR: type dict doesn't define __round__ method,161.8,0.0
V53_Q_004976_Q1,[],,[],{},,,,ERROR: type dict doesn't define __round__ method,188.33,0.0
V53_Q_004976_Q2,[],retrieve_synthesize_execute,[],{},,,,,144.52,0.0
V53_Q_004976_Q3,[],,[],{},,,,ERROR: type dict doesn't define __round__ method,162.72,0.0
V53_Q_004976_Q4,[],,[],{},,,,ERROR: type dict doesn't define __round__ method,162.1,0.0
V53_Q_004976_Q5,[],,[],{},,,,ERROR: type dict doesn't define __round__ method,166.77,0.0
V53_Q_004977_Q1,[],,[],{},,,,ERROR: type dict doesn't define __round__ method,163.78,0.0
V53_Q_004977_Q2,[],,[],{},,,,ERROR: type dict doesn't define __round__ method,162.36,0.0
V53_Q_004977_Q3,[],,[],{},,,,ERROR: type dict doesn't define __round__ method,181.71,0.0
V53_Q_004977_Q4,[],,[],{},,,,ERROR: type dict doesn't define __round__ method,191.97,0.0
V53_Q_004977_Q5,[],,[],{},,,,ERROR: type dict doesn't define __round__ method,168.72,0.0
V53_Q_004978_Q1,[],,[],{},,,,ERROR: type dict doesn't define __round__ method,174.98,0.0
V53_Q_004978_Q2,[],retrieve_synthesize_execute,[],{},,,,,168.9,0.0
V53_Q_004978_Q3,[],,[],{},,,,ERROR: type dict doesn't define __round__ method,202.31,0.0
V53_Q_004978_Q4,[],,[],{},,,,ERROR: type dict doesn't define __round__ method,201.97,0.0
V53_Q_004978_Q5,[],retrieve_synthesize_execute,[],{},,,,,143.9,0.0
V53_Q_004979_Q1,[],,[],{},,,,ERROR: type dict doesn't define __round__ method,158.06,0.0
V53_Q_004979_Q2,[],,[],{},,,,ERROR: type dict doesn't define __round__ method,160.36,0.0
V53_Q_004979_Q3,[],,[],{},,,,ERROR: type dict doesn't define __round__ method,167.45,0.0
V53_Q_004979_Q4,[],,[],{},,,,ERROR: type dict doesn't define __round__ method,159.75,0.0
V53_Q_004979_Q5,[],,[],{},,,,ERROR: type dict doesn't define __round__ method,182.08,0.0
V53_Q_004980_Q1,[],,[],{},,,,ERROR: type dict doesn't define __round__ method,171.74,0.0
V53_Q_004980_Q2,[],,[],{},,,,ERROR: type dict doesn't define __round__ method,160.11,0.0
V53_Q_004980_Q3,[],,[],{},,,,ERROR: type dict doesn't define __round__ method,164.01,0.0
V53_Q_004980_Q4,[],,[],{},,,,ERROR: type dict doesn't define __round__ method,161.97,0.0
V53_Q_004980_Q5,[],,[],{},,,,ERROR: type dict doesn't define __round__ method,185.51,0.0
V53_Q_004981_Q1,[],,[],{},,,,ERROR: type dict doesn't define __round__ method,166.7,0.0
V53_Q_004981_Q2,[],,[],{},,,,ERROR: type dict doesn't define __round__ method,175.92,0.0
V53_Q_004981_Q3,[],,[],{},,,,ERROR: type dict doesn't define __round__ method,160.1,0.0
V53_Q_004981_Q4,[],retrieve_synthesize_execute,[],{},,,,,144.22,0.0
V53_Q_004981_Q5,[],retrieve_synthesize_execute,[],{},,,,,142.91,0.0
V53_Q_004982_Q1,[],,[],{},,,,ERROR: type dict doesn't define __round__ method,158.21,0.0
V53_Q_004982_Q2,[],,[],{},,,,ERROR: type dict doesn't define __round__ method,158.54,0.0
V53_Q_004982_Q3,[],,[],{},,,,ERROR: type dict doesn't define __round__ method,159.02,0.0
V53_Q_004982_Q4,[],retrieve_synthesize_execute,[],{},,,,,161.85,0.0
V53_Q_004982_Q5,[],,[],{},,,,ERROR: type dict doesn't define __round__ method,162.9,0.0
V53_Q_004983_Q1,[],,[],{},,,,ERROR: type dict doesn't define __round__ method,158.1,0.0
V53_Q_004983_Q2,[],,[],{},,,,ERROR: type dict doesn't define __round__ method,158.58,0.0
V53_Q_004983_Q3,[],,[],{},,,,ERROR: type dict doesn't define __round__ method,160.15,0.0
V53_Q_004983_Q4,[],,[],{},,,,ERROR: type dict doesn't define __round__ method,165.98,0.0
V53_Q_004983_Q5,[],,[],{},,,,ERROR: type dict doesn't define __round__ method,194.06,0.0
V53_Q_004984_Q1,[],,[],{},,,,ERROR: type dict doesn't define __round__ method,187.16,0.0
V53_Q_004984_Q2,[],retrieve_synthesize_execute,[],{},,,,,165.51,0.0
V53_Q_004984_Q3,[],,[],{},,,,ERROR: type dict doesn't define __round__ method,182.91,0.0
V53_Q_004984_Q4,[],retrieve_synthesize_execute,[],{},,,,,159.65,0.0
V53_Q_004984_Q5,[],,[],{},,,,ERROR: type dict doesn't define __round__ method,184.12,0.0
V53_Q_004985_Q1,[],,[],{},,,,ERROR: type dict doesn't define __round__ method,233.18,0.0
V53_Q_004985_Q2,[],,[],{},,,,ERROR: type dict doesn't define __round__ method,244.1,0.0
V53_Q_004985_Q3,[],,[],{},,,,ERROR: type dict doesn't define __round__ method,179.72,0.0
V53_Q_004985_Q4,[],,[],{},,,,ERROR: type dict doesn't define __round__ method,218.33,0.0
V53_Q_004985_Q5,[],,[],{},,,,ERROR: type dict doesn't define __round__ method,222.94,0.0
V53_Q_004986_Q1,[],,[],{},,,,ERROR: type dict doesn't define __round__ method,290.76,0.0
V53_Q_004986_Q2,[],,[],{},,,,ERROR: type dict doesn't define __round__ method,217.37,0.0
V53_Q_004986_Q3,[],,[],{},,,,ERROR: type dict doesn't define __round__ method,224.47,0.0
V53_Q_004986_Q4,[],retrieve_synthesize_execute,[],{},,,,,217.34,0.0
V53_Q_004986_Q5,[],,[],{},,,,ERROR: type dict doesn't define __round__ method,259.32,0.0
V53_Q_004987_Q1,[],,[],{},,,,ERROR: type dict doesn't define __round__ method,276.91,0.0
V53_Q_004987_Q2,[],,[],{},,,,ERROR: type dict doesn't define __round__ method,215.89,0.0
V53_Q_004987_Q3,[],,[],{},,,,ERROR: type dict doesn't define __round__ method,178.87,0.0
V53_Q_004987_Q4,[],,[],{},,,,ERROR: type dict doesn't define __round__ method,202.46,0.0
V53_Q_004987_Q5,[],,[],{},,,,ERROR: type dict doesn't define __round__ method,240.97,0.0
V53_Q_004988_Q1,[],,[],{},,,,ERROR: type dict doesn't define __round__ method,246.68,0.0
V53_Q_004988_Q2,[],,[],{},,,,ERROR: type dict doesn't define __round__ method,292.0,0.0
V53_Q_004988_Q3,[],,[],{},,,,ERROR: type dict doesn't define __round__ method,249.82,0.0
V53_Q_004988_Q4,[],,[],{},,,,ERROR: type dict doesn't define __round__ method,285.46,0.0
V53_Q_004988_Q5,[],retrieve_synthesize_execute,[],{},,,,,233.21,0.0
V53_Q_004989_Q1,[],,[],{},,,,ERROR: type dict doesn't define __round__ method,257.2,0.0
V53_Q_004989_Q2,[],,[],{},,,,ERROR: type dict doesn't define __round__ method,223.41,0.0
V53_Q_004989_Q3,[],,[],{},,,,ERROR: type dict doesn't define __round__ method,218.48,0.0
V53_Q_004989_Q4,[],,[],{},,,,ERROR: type dict doesn't define __round__ method,187.86,0.0
V53_Q_004989_Q5,[],,[],{},,,,ERROR: type dict doesn't define __round__ method,234.91,0.0
V53_Q_004990_Q1,[],,[],{},,,,ERROR: type dict doesn't define __round__ method,171.01,0.0
V53_Q_004990_Q2,[],,[],{},,,,ERROR: type dict doesn't define __round__ method,171.5,0.0
V53_Q_004990_Q3,[],,[],{},,,,ERROR: type dict doesn't define __round__ method,214.63,0.0
V53_Q_004990_Q4,[],retrieve_synthesize_execute,[],{},,,,,144.53,0.0
V53_Q_004990_Q5,[],,[],{},,,,ERROR: type dict doesn't define __round__ method,206.4,0.0
V53_Q_004991_Q1,[],retrieve_synthesize_execute,[],{},,,,,235.27,0.0
V53_Q_004991_Q2,[],,[],{},,,,ERROR: type dict doesn't define __round__ method,241.67,0.0
V53_Q_004991_Q3,[],,[],{},,,,ERROR: type dict doesn't define __round__ method,194.64,0.0
V53_Q_004991_Q4,[],,[],{},,,,ERROR: type dict doesn't define __round__ method,246.12,0.0
V53_Q_004991_Q5,[],,[],{},,,,ERROR: type dict doesn't define __round__ method,216.69,0.0
V53_Q_004992_Q1,[],,[],{},,,,ERROR: type dict doesn't define __round__ method,630.91,0.0
V53_Q_004992_Q2,[],,[],{},,,,ERROR: type dict doesn't define __round__ method,420.14,0.0
V53_Q_004992_Q3,[],,[],{},,,,ERROR: type dict doesn't define __round__ method,610.46,0.0
V53_Q_004992_Q4,[],retrieve_synthesize_execute,[],{},,,,,672.4,0.0
V53_Q_004992_Q5,[],,[],{},,,,ERROR: type dict doesn't define __round__ method,520.27,0.0
V53_Q_004993_Q1,[],,[],{},,,,ERROR: type dict doesn't define __round__ method,367.21,0.0
V53_Q_004993_Q2,[],,[],{},,,,ERROR: type dict doesn't define __round__ method,330.48,0.0
V53_Q_004993_Q3,[],,[],{},,,,ERROR: type dict doesn't define __round__ method,332.82,0.0
V53_Q_004993_Q4,[],retrieve_synthesize_execute,[],{},,,,,310.74,0.0
V53_Q_004993_Q5,[],,[],{},,,,ERROR: type dict doesn't define __round__ method,326.19,0.0
V53_Q_004994_Q1,[],,[],{},,,,ERROR: type dict doesn't define __round__ method,340.56,0.0
V53_Q_004994_Q2,[],retrieve_synthesize_execute,[],{},,,,,304.66,0.0
V53_Q_004994_Q3,[],,[],{},,,,ERROR: type dict doesn't define __round__ method,329.05,0.0
V53_Q_004994_Q4,[],retrieve_synthesize_execute,[],{},,,,,301.18,0.0
V53_Q_004994_Q5,[],retrieve_synthesize_execute,[],{},,,,,298.57,0.0
V53_Q_004995_Q1,[],,[],{},,,,ERROR: type dict doesn't define __round__ method,394.77,0.0
V53_Q_004995_Q2,[],,[],{},,,,ERROR: type dict doesn't define __round__ method,349.43,0.0
V53_Q_004995_Q3,[],,[],{},,,,ERROR: type dict doesn't define __round__ method,330.22,0.0
V53_Q_004995_Q4,[],retrieve_synthesize_execute,[],{},,,,,298.54,0.0
V53_Q_004995_Q5,[],,[],{},,,,ERROR: type dict doesn't define __round__ method,333.77,0.0
V53_Q_004996_Q1,[],,[],{},,,,ERROR: type dict doesn't define __round__ method,323.09,0.0
V53_Q_004996_Q2,[],,[],{},,,,ERROR: type dict doesn't define __round__ method,330.3,0.0
V53_Q_004996_Q3,[],,[],{},,,,ERROR: type dict doesn't define __round__ method,321.69,0.0
V53_Q_004996_Q4,[],,[],{},,,,ERROR: type dict doesn't define __round__ method,355.07,0.0
V53_Q_004996_Q5,[],,[],{},,,,ERROR: type dict doesn't define __round__ method,338.41,0.0
V53_Q_004997_Q1,[],,[],{},,,,ERROR: type dict doesn't define __round__ method,328.47,0.0
V53_Q_004997_Q2,[],,[],{},,,,ERROR: type dict doesn't define __round__ method,328.05,0.0
V53_Q_004997_Q3,[],,[],{},,,,ERROR: type dict doesn't define __round__ method,321.96,0.0
V53_Q_004997_Q4,[],retrieve_synthesize_execute,[],{},,,,,297.35,0.0
V53_Q_004997_Q5,[],,[],{},,,,ERROR: type dict doesn't define __round__ method,326.83,0.0
V53_Q_004998_Q1,[],,[],{},,,,ERROR: type dict doesn't define __round__ method,331.76,0.0
V53_Q_004998_Q2,[],,[],{},,,,ERROR: type dict doesn't define __round__ method,323.53,0.0
V53_Q_004998_Q3,[],,[],{},,,,ERROR: type dict doesn't define __round__ method,324.76,0.0
V53_Q_004998_Q4,[],,[],{},,,,ERROR: type dict doesn't define __round__ method,392.38,0.0
V53_Q_004998_Q5,[],,[],{},,,,ERROR: type dict doesn't define __round__ method,369.84,0.0
V53_Q_004999_Q1,[],,[],{},,,,ERROR: type dict doesn't define __round__ method,453.85,0.0
V53_Q_004999_Q2,[],retrieve_synthesize_execute,[],{},,,,,339.35,0.0
V53_Q_004999_Q3,[],,[],{},,,,ERROR: type dict doesn't define __round__ method,459.8,0.0
V53_Q_004999_Q4,[],retrieve_synthesize_execute,[],{},,,,,444.07,0.0
V53_Q_004999_Q5,[],,[],{},,,,ERROR: type dict doesn't define __round__ method,395.26,0.0
V53_Q_005000_Q1,[],,[],{},,,,ERROR: type dict doesn't define __round__ method,259.43,0.0
V53_Q_005000_Q2,[],,[],{},,,,ERROR: type dict doesn't define __round__ method,231.67,0.0
V53_Q_005000_Q3,[],,[],{},,,,ERROR: type dict doesn't define __round__ method,210.4,0.0
V53_Q_005000_Q4,[],,[],{},,,,ERROR: type dict doesn't define __round__ method,318.27,0.0
V53_Q_005000_Q5,[],,[],{},,,,ERROR: type dict doesn't define __round__ method,292.91,0.0
V53_Q_005001_Q1,[],,[],{},,,,ERROR: type dict doesn't define __round__ method,300.91,0.0
V53_Q_005001_Q2,[],,[],{},,,,ERROR: type dict doesn't define __round__ method,237.16,0.0
V53_Q_005001_Q3,[],,[],{},,,,ERROR: type dict doesn't define __round__ method,270.41,0.0
V53_Q_005001_Q4,[],retrieve_synthesize_execute,[],{},,,,,204.26,0.0
V53_Q_005001_Q5,[],retrieve_synthesize_execute,[],{},,,,,169.61,0.0
V53_Q_005002_Q1,[],,[],{},,,,ERROR: type dict doesn't define __round__ method,226.27,0.0
V53_Q_005002_Q2,[],,[],{},,,,ERROR: type dict doesn't define __round__ method,166.03,0.0
V53_Q_005002_Q3,[],,[],{},,,,ERROR: type dict doesn't define __round__ method,194.0,0.0
V53_Q_005002_Q4,[],,[],{},,,,ERROR: type dict doesn't define __round__ method,177.41,0.0
V53_Q_005002_Q5,[],,[],{},,,,ERROR: type dict doesn't define __round__ method,187.23,0.0
V53_Q_005003_Q1,[],,[],{},,,,ERROR: type dict doesn't define __round__ method,168.96,0.0
V53_Q_005003_Q2,[],retrieve_synthesize_execute,[],{},,,,,187.02,0.0
V53_Q_005003_Q3,[],,[],{},,,,ERROR: type dict doesn't define __round__ method,238.24,0.0
V53_Q_005003_Q4,[],retrieve_synthesize_execute,[],{},,,,,225.8,0.0
V53_Q_005003_Q5,[],,[],{},,,,ERROR: type dict doesn't define __round__ method,276.76,0.0
V53_Q_005004_Q1,[],,[],{},,,,ERROR: type dict doesn't define __round__ method,436.95,0.0
V53_Q_005004_Q2,[],retrieve_synthesize_execute,[],{},,,,,362.98,0.0
V53_Q_005004_Q3,[],,[],{},,,,ERROR: type dict doesn't define __round__ method,187.85,0.0
V53_Q_005004_Q4,[],retrieve_synthesize_execute,[],{},,,,,151.12,0.0
V53_Q_005004_Q5,[],retrieve_synthesize_execute,[],{},,,,,151.66,0.0
V53_Q_005005_Q1,[],,[],{},,,,ERROR: type dict doesn't define __round__ method,215.35,0.0
V53_Q_005005_Q2,[],,[],{},,,,ERROR: type dict doesn't define __round__ method,191.97,0.0
V53_Q_005005_Q3,[],,[],{},,,,ERROR: type dict doesn't define __round__ method,167.81,0.0
V53_Q_005005_Q4,[],,[],{},,,,ERROR: type dict doesn't define __round__ method,183.19,0.0
V53_Q_005005_Q5,[],,[],{},,,,ERROR: type dict doesn't define __round__ method,165.56,0.0
V53_Q_005006_Q1,[],,[],{},,,,ERROR: type dict doesn't define __round__ method,179.35,0.0
V53_Q_005006_Q2,[],,[],{},,,,ERROR: type dict doesn't define __round__ method,252.6,0.0
V53_Q_005006_Q3,[],,[],{},,,,ERROR: type dict doesn't define __round__ method,269.92,0.0
V53_Q_005006_Q4,[],,[],{},,,,ERROR: type dict doesn't define __round__ method,202.46,0.0
V53_Q_005006_Q5,[],,[],{},,,,ERROR: type dict doesn't define __round__ method,204.66,0.0
V53_Q_005007_Q1,[],,[],{},,,,ERROR: type dict doesn't define __round__ method,212.8,0.0
V53_Q_005007_Q2,[],,[],{},,,,ERROR: type dict doesn't define __round__ method,190.24,0.0
V53_Q_005007_Q3,[],,[],{},,,,ERROR: type dict doesn't define __round__ method,180.82,0.0
V53_Q_005007_Q4,[],,[],{},,,,ERROR: type dict doesn't define __round__ method,183.14,0.0
V53_Q_005007_Q5,[],,[],{},,,,ERROR: type dict doesn't define __round__ method,159.41,0.0
V53_Q_005008_Q1,[],,[],{},,,,ERROR: type dict doesn't define __round__ method,163.73,0.0
V53_Q_005008_Q2,[],retrieve_synthesize_execute,[],{},,,,,142.85,0.0
V53_Q_005008_Q3,[],,[],{},,,,ERROR: type dict doesn't define __round__ method,157.34,0.0
V53_Q_005008_Q4,[],,[],{},,,,ERROR: type dict doesn't define __round__ method,159.35,0.0
V53_Q_005008_Q5,[],,[],{},,,,ERROR: type dict doesn't define __round__ method,158.94,0.0
V53_Q_005009_Q1,[],,[],{},,,,ERROR: type dict doesn't define __round__ method,176.63,0.0
V53_Q_005009_Q2,[],,[],{},,,,ERROR: type dict doesn't define __round__ method,159.56,0.0
V53_Q_005009_Q3,[],,[],{},,,,ERROR: type dict doesn't define __round__ method,157.72,0.0
V53_Q_005009_Q4,[],,[],{},,,,ERROR: type dict doesn't define __round__ method,159.34,0.0
V53_Q_005009_Q5,[],,[],{},,,,ERROR: type dict doesn't define __round__ method,165.14,0.0
V53_Q_005010_Q1,[],,[],{},,,,ERROR: type dict doesn't define __round__ method,165.76,0.0
V53_Q_005010_Q2,[],retrieve_synthesize_execute,[],{},,,,,170.32,0.0
V53_Q_005010_Q3,[],,[],{},,,,ERROR: type dict doesn't define __round__ method,164.18,0.0
V53_Q_005010_Q4,[],,[],{},,,,ERROR: type dict doesn't define __round__ method,168.66,0.0
V53_Q_005010_Q5,[],,[],{},,,,ERROR: type dict doesn't define __round__ method,168.77,0.0
V53_Q_005011_Q1,[],,[],{},,,,ERROR: type dict doesn't define __round__ method,175.51,0.0
V53_Q_005011_Q2,[],retrieve_synthesize_execute,[],{},,,,,155.8,0.0
V53_Q_005011_Q3,[],,[],{},,,,ERROR: type dict doesn't define __round__ method,171.02,0.0
V53_Q_005011_Q4,[],,[],{},,,,ERROR: type dict doesn't define __round__ method,191.23,0.0
V53_Q_005011_Q5,[],retrieve_synthesize_execute,[],{},,,,,154.63,0.0
V53_Q_005012_Q1,[],,[],{},,,,ERROR: type dict doesn't define __round__ method,176.71,0.0
V53_Q_005012_Q2,[],,[],{},,,,ERROR: type dict doesn't define __round__ method,168.0,0.0
V53_Q_005012_Q3,[],,[],{},,,,ERROR: type dict doesn't define __round__ method,170.6,0.0
V53_Q_005012_Q4,[],retrieve_synthesize_execute,[],{},,,,,153.48,0.0
V53_Q_005012_Q5,[],retrieve_synthesize_execute,[],{},,,,,153.17,0.0
V53_Q_005013_Q1,[],,[],{},,,,ERROR: type dict doesn't define __round__ method,194.42,0.0
V53_Q_005013_Q2,[],,[],{},,,,ERROR: type dict doesn't define __round__ method,192.85,0.0
V53_Q_005013_Q3,[],,[],{},,,,ERROR: type dict doesn't define __round__ method,198.86,0.0
V53_Q_005013_Q4,[],,[],{},,,,ERROR: type dict doesn't define __round__ method,173.81,0.0
V53_Q_005013_Q5,[],,[],{},,,,ERROR: type dict doesn't define __round__ method,174.8,0.0
V53_Q_005014_Q1,[],,[],{},,,,ERROR: type dict doesn't define __round__ method,159.69,0.0
V53_Q_005014_Q2,[],,[],{},,,,ERROR: type dict doesn't define __round__ method,177.62,0.0
V53_Q_005014_Q3,[],,[],{},,,,ERROR: type dict doesn't define __round__ method,159.24,0.0
V53_Q_005014_Q4,[],,[],{},,,,ERROR: type dict doesn't define __round__ method,159.43,0.0
V53_Q_005014_Q5,[],,[],{},,,,ERROR: type dict doesn't define __round__ method,162.57,0.0
V53_Q_005015_Q1,[],,[],{},,,,ERROR: type dict doesn't define __round__ method,162.42,0.0
V53_Q_005015_Q2,[],,[],{},,,,ERROR: type dict doesn't define __round__ method,163.78,0.0
V53_Q_005015_Q3,[],,[],{},,,,ERROR: type dict doesn't define __round__ method,172.65,0.0
V53_Q_005015_Q4,[],,[],{},,,,ERROR: type dict doesn't define __round__ method,222.39,0.0
V53_Q_005015_Q5,[],,[],{},,,,ERROR: type dict doesn't define __round__ method,181.92,0.0
V53_Q_005016_Q1,[],,[],{},,,,ERROR: type dict doesn't define __round__ method,171.72,0.0
V53_Q_005016_Q2,[],,[],{},,,,ERROR: type dict doesn't define __round__ method,166.81,0.0
V53_Q_005016_Q3,[],,[],{},,,,ERROR: type dict doesn't define __round__ method,162.59,0.0
V53_Q_005016_Q4,[],,[],{},,,,ERROR: type dict doesn't define __round__ method,158.83,0.0
V53_Q_005016_Q5,[],,[],{},,,,ERROR: type dict doesn't define __round__ method,180.08,0.0
V53_Q_005017_Q1,[],,[],{},,,,ERROR: type dict doesn't define __round__ method,162.74,0.0
V53_Q_005017_Q2,[],,[],{},,,,ERROR: type dict doesn't define __round__ method,162.06,0.0
V53_Q_005017_Q3,[],,[],{},,,,ERROR: type dict doesn't define __round__ method,159.15,0.0
V53_Q_005017_Q4,[],,[],{},,,,ERROR: type dict doesn't define __round__ method,182.72,0.0
V53_Q_005017_Q5,[],,[],{},,,,ERROR: type dict doesn't define __round__ method,193.99,0.0
V53_Q_005018_Q1,[],,[],{},,,,ERROR: type dict doesn't define __round__ method,179.71,0.0
V53_Q_005018_Q2,[],,[],{},,,,ERROR: type dict doesn't define __round__ method,186.47,0.0
V53_Q_005018_Q3,[],,[],{},,,,ERROR: type dict doesn't define __round__ method,209.14,0.0
V53_Q_005018_Q4,[],retrieve_synthesize_execute,[],{},,,,,172.08,0.0
V53_Q_005018_Q5,[],,[],{},,,,ERROR: type dict doesn't define __round__ method,178.2,0.0
V53_Q_005019_Q1,[],,[],{},,,,ERROR: type dict doesn't define __round__ method,180.38,0.0
V53_Q_005019_Q2,[],,[],{},,,,ERROR: type dict doesn't define __round__ method,251.49,0.0
V53_Q_005019_Q3,[],,[],{},,,,ERROR: type dict doesn't define __round__ method,217.71,0.0
V53_Q_005019_Q4,[],,[],{},,,,ERROR: type dict doesn't define __round__ method,273.98,0.0
V53_Q_005019_Q5,[],retrieve_synthesize_execute,[],{},,,,,147.77,0.0
V53_Q_005020_Q1,[],,[],{},,,,ERROR: type dict doesn't define __round__ method,225.55,0.0
V53_Q_005020_Q2,[],,[],{},,,,ERROR: type dict doesn't define __round__ method,219.65,0.0
V53_Q_005020_Q3,[],,[],{},,,,ERROR: type dict doesn't define __round__ method,220.34,0.0
V53_Q_005020_Q4,[],retrieve_synthesize_execute,[],{},,,,,190.96,0.0
V53_Q_005020_Q5,[],,[],{},,,,ERROR: type dict doesn't define __round__ method,298.25,0.0
V53_Q_005021_Q1,[],,[],{},,,,ERROR: type dict doesn't define __round__ method,218.65,0.0
V53_Q_005021_Q2,[],,[],{},,,,ERROR: type dict doesn't define __round__ method,218.73,0.0
V53_Q_005021_Q3,[],,[],{},,,,ERROR: type dict doesn't define __round__ method,227.59,0.0
V53_Q_005021_Q4,[],retrieve_synthesize_execute,[],{},,,,,172.51,0.0
V53_Q_005021_Q5,[],,[],{},,,,ERROR: type dict doesn't define __round__ method,276.09,0.0
V53_Q_005022_Q1,[],,[],{},,,,ERROR: type dict doesn't define __round__ method,247.21,0.0
V53_Q_005022_Q2,[],,[],{},,,,ERROR: type dict doesn't define __round__ method,290.48,0.0
V53_Q_005022_Q3,[],,[],{},,,,ERROR: type dict doesn't define __round__ method,294.71,0.0
V53_Q_005022_Q4,[],retrieve_synthesize_execute,[],{},,,,,171.48,0.0
V53_Q_005022_Q5,[],,[],{},,,,ERROR: type dict doesn't define __round__ method,196.53,0.0
V53_Q_005023_Q1,[],,[],{},,,,ERROR: type dict doesn't define __round__ method,195.33,0.0
V53_Q_005023_Q2,[],,[],{},,,,ERROR: type dict doesn't define __round__ method,180.76,0.0
V53_Q_005023_Q3,[],,[],{},,,,ERROR: type dict doesn't define __round__ method,175.08,0.0
V53_Q_005023_Q4,[],,[],{},,,,ERROR: type dict doesn't define __round__ method,237.13,0.0
V53_Q_005023_Q5,[],,[],{},,,,ERROR: type dict doesn't define __round__ method,229.95,0.0
V53_Q_005024_Q1,[],,[],{},,,,ERROR: type dict doesn't define __round__ method,229.34,0.0
V53_Q_005024_Q2,[],,[],{},,,,ERROR: type dict doesn't define __round__ method,229.6,0.0
V53_Q_005024_Q3,[],,[],{},,,,ERROR: type dict doesn't define __round__ method,281.31,0.0
V53_Q_005024_Q4,[],,[],{},,,,ERROR: type dict doesn't define __round__ method,306.05,0.0
V53_Q_005024_Q5,[],,[],{},,,,ERROR: type dict doesn't define __round__ method,183.41,0.0
V53_Q_005025_Q1,[],,[],{},,,,ERROR: type dict doesn't define __round__ method,196.18,0.0
V53_Q_005025_Q2,[],,[],{},,,,ERROR: type dict doesn't define __round__ method,216.55,0.0
V53_Q_005025_Q3,[],,[],{},,,,ERROR: type dict doesn't define __round__ method,166.75,0.0
V53_Q_005025_Q4,[],,[],{},,,,ERROR: type dict doesn't define __round__ method,232.4,0.0
V53_Q_005025_Q5,[],,[],{},,,,ERROR: type dict doesn't define __round__ method,251.38,0.0
V53_Q_005026_Q1,[],,[],{},,,,ERROR: type dict doesn't define __round__ method,315.28,0.0
V53_Q_005026_Q2,[],,[],{},,,,ERROR: type dict doesn't define __round__ method,490.1,0.0
V53_Q_005026_Q3,[],,[],{},,,,ERROR: type dict doesn't define __round__ method,206.17,0.0
V53_Q_005026_Q4,[],,[],{},,,,ERROR: type dict doesn't define __round__ method,203.71,0.0
V53_Q_005026_Q5,[],,[],{},,,,ERROR: type dict doesn't define __round__ method,245.62,0.0
V53_Q_005027_Q1,[],,[],{},,,,ERROR: type dict doesn't define __round__ method,221.21,0.0
V53_Q_005027_Q2,[],retrieve_synthesize_execute,[],{},,,,,212.03,0.0
V53_Q_005027_Q3,[],,[],{},,,,ERROR: type dict doesn't define __round__ method,212.39,0.0
V53_Q_005027_Q4,[],retrieve_synthesize_execute,[],{},,,,,222.04,0.0
V53_Q_005027_Q5,[],,[],{},,,,ERROR: type dict doesn't define __round__ method,292.33,0.0
V53_Q_005028_Q1,[],,[],{},,,,ERROR: type dict doesn't define __round__ method,229.69,0.0
V53_Q_005028_Q2,[],,[],{},,,,ERROR: type dict doesn't define __round__ method,223.84,0.0
V53_Q_005028_Q3,[],,[],{},,,,ERROR: type dict doesn't define __round__ method,189.4,0.0
V53_Q_005028_Q4,[],retrieve_synthesize_execute,[],{},,,,,151.12,0.0
V53_Q_005028_Q5,[],,[],{},,,,ERROR: type dict doesn't define __round__ method,159.4,0.0
V53_Q_005029_Q1,[],,[],{},,,,ERROR: type dict doesn't define __round__ method,234.58,0.0
V53_Q_005029_Q2,[],retrieve_synthesize_execute,[],{},,,,,312.2,0.0
V53_Q_005029_Q3,[],,[],{},,,,ERROR: type dict doesn't define __round__ method,336.67,0.0
V53_Q_005029_Q4,[],retrieve_synthesize_execute,[],{},,,,,311.87,0.0
V53_Q_005029_Q5,[],retrieve_synthesize_execute,[],{},,,,,303.57,0.0
V53_Q_005030_Q1,[],,[],{},,,,ERROR: type dict doesn't define __round__ method,322.39,0.0
V53_Q_005030_Q2,[],,[],{},,,,ERROR: type dict doesn't define __round__ method,326.71,0.0
V53_Q_005030_Q3,[],,[],{},,,,ERROR: type dict doesn't define __round__ method,320.4,0.0
V53_Q_005030_Q4,[],,[],{},,,,ERROR: type dict doesn't define __round__ method,330.48,0.0
V53_Q_005030_Q5,[],,[],{},,,,ERROR: type dict doesn't define __round__ method,330.41,0.0
V53_Q_005031_Q1,[],,[],{},,,,ERROR: type dict doesn't define __round__ method,320.77,0.0
V53_Q_005031_Q2,[],,[],{},,,,ERROR: type dict doesn't define __round__ method,323.75,0.0
V53_Q_005031_Q3,[],,[],{},,,,ERROR: type dict doesn't define __round__ method,330.11,0.0
V53_Q_005031_Q4,[],,[],{},,,,ERROR: type dict doesn't define __round__ method,323.43,0.0
V53_Q_005031_Q5,[],,[],{},,,,ERROR: type dict doesn't define __round__ method,317.71,0.0
V53_Q_005032_Q1,[],,[],{},,,,ERROR: type dict doesn't define __round__ method,327.17,0.0
V53_Q_005032_Q2,[],retrieve_synthesize_execute,[],{},,,,,304.05,0.0
V53_Q_005032_Q3,[],,[],{},,,,ERROR: type dict doesn't define __round__ method,336.41,0.0
V53_Q_005032_Q4,[],,[],{},,,,ERROR: type dict doesn't define __round__ method,338.83,0.0
V53_Q_005032_Q5,[],retrieve_synthesize_execute,[],{},,,,,311.54,0.0
V53_Q_005033_Q1,[],,[],{},,,,ERROR: type dict doesn't define __round__ method,340.02,0.0
V53_Q_005033_Q2,[],retrieve_synthesize_execute,[],{},,,,,328.89,0.0
V53_Q_005033_Q3,[],,[],{},,,,ERROR: type dict doesn't define __round__ method,386.43,0.0
V53_Q_005033_Q4,[],retrieve_synthesize_execute,[],{},,,,,355.44,0.0
V53_Q_005033_Q5,[],,[],{},,,,ERROR: type dict doesn't define __round__ method,406.71,0.0
V53_Q_005034_Q1,[],,[],{},,,,ERROR: type dict doesn't define __round__ method,389.04,0.0
V53_Q_005034_Q2,[],,[],{},,,,ERROR: type dict doesn't define __round__ method,353.48,0.0
V53_Q_005034_Q3,[],,[],{},,,,ERROR: type dict doesn't define __round__ method,374.05,0.0
V53_Q_005034_Q4,[],retrieve_synthesize_execute,[],{},,,,,410.73,0.0
V53_Q_005034_Q5,[],,[],{},,,,ERROR: type dict doesn't define __round__ method,478.22,0.0
V53_Q_005035_Q1,[],,[],{},,,,ERROR: type dict doesn't define __round__ method,374.94,0.0
V53_Q_005035_Q2,[],retrieve_synthesize_execute,[],{},,,,,349.51,0.0
V53_Q_005035_Q3,[],,[],{},,,,ERROR: type dict doesn't define __round__ method,463.68,0.0
V53_Q_005035_Q4,[],,[],{},,,,ERROR: type dict doesn't define __round__ method,471.91,0.0
V53_Q_005035_Q5,[],,[],{},,,,ERROR: type dict doesn't define __round__ method,429.18,0.0
V53_Q_005036_Q1,[],,[],{},,,,ERROR: type dict doesn't define __round__ method,460.98,0.0
V53_Q_005036_Q2,[],retrieve_synthesize_execute,[],{},,,,,474.35,0.0
V53_Q_005036_Q3,[],,[],{},,,,ERROR: type dict doesn't define __round__ method,504.91,0.0
V53_Q_005036_Q4,[],retrieve_synthesize_execute,[],{},,,,,393.73,0.0
V53_Q_005036_Q5,[],,[],{},,,,ERROR: type dict doesn't define __round__ method,454.61,0.0
V53_Q_005037_Q1,[],,[],{},,,,ERROR: type dict doesn't define __round__ method,346.45,0.0
V53_Q_005037_Q2,[],retrieve_synthesize_execute,[],{},,,,,395.06,0.0
V53_Q_005037_Q3,[],,[],{},,,,ERROR: type dict doesn't define __round__ method,463.36,0.0
V53_Q_005037_Q4,[],,[],{},,,,ERROR: type dict doesn't define __round__ method,472.55,0.0
V53_Q_005037_Q5,[],,[],{},,,,ERROR: type dict doesn't define __round__ method,552.9,0.0
V53_Q_005038_Q1,[],,[],{},,,,ERROR: type dict doesn't define __round__ method,410.83,0.0
V53_Q_005038_Q2,[],,[],{},,,,ERROR: type dict doesn't define __round__ method,795.06,0.0
V53_Q_005038_Q3,[],,[],{},,,,ERROR: type dict doesn't define __round__ method,522.95,0.0
V53_Q_005038_Q4,[],,[],{},,,,ERROR: type dict doesn't define __round__ method,440.21,0.0
V53_Q_005038_Q5,[],,[],{},,,,ERROR: type dict doesn't define __round__ method,471.25,0.0
V53_Q_005039_Q1,[],,[],{},,,,ERROR: type dict doesn't define __round__ method,621.96,0.0
V53_Q_005039_Q2,[],,[],{},,,,ERROR: type dict doesn't define __round__ method,436.54,0.0
V53_Q_005039_Q3,[],,[],{},,,,ERROR: type dict doesn't define __round__ method,368.25,0.0
V53_Q_005039_Q4,[],,[],{},,,,ERROR: type dict doesn't define __round__ method,326.52,0.0
V53_Q_005039_Q5,[],,[],{},,,,ERROR: type dict doesn't define __round__ method,322.16,0.0
V53_Q_005040_Q1,[],,[],{},,,,ERROR: type dict doesn't define __round__ method,337.67,0.0
V53_Q_005040_Q2,[],,[],{},,,,ERROR: type dict doesn't define __round__ method,328.23,0.0
V53_Q_005040_Q3,[],,[],{},,,,ERROR: type dict doesn't define __round__ method,366.27,0.0
V53_Q_005040_Q4,[],,[],{},,,,ERROR: type dict doesn't define __round__ method,337.38,0.0
V53_Q_005040_Q5,[],,[],{},,,,ERROR: type dict doesn't define __round__ method,424.9,0.0
V53_Q_005041_Q1,[],,[],{},,,,ERROR: type dict doesn't define __round__ method,356.34,0.0
V53_Q_005041_Q2,[],,[],{},,,,ERROR: type dict doesn't define __round__ method,327.39,0.0
V53_Q_005041_Q3,[],,[],{},,,,ERROR: type dict doesn't define __round__ method,336.56,0.0
V53_Q_005041_Q4,[],retrieve_synthesize_execute,[],{},,,,,301.69,0.0
V53_Q_005041_Q5,[],,[],{},,,,ERROR: type dict doesn't define __round__ method,389.46,0.0
V53_Q_005042_Q1,[],,[],{},,,,ERROR: type dict doesn't define __round__ method,359.46,0.0
V53_Q_005042_Q2,[],,[],{},,,,ERROR: type dict doesn't define __round__ method,413.42,0.0
V53_Q_005042_Q3,[],,[],{},,,,ERROR: type dict doesn't define __round__ method,373.05,0.0
V53_Q_005042_Q4,[],,[],{},,,,ERROR: type dict doesn't define __round__ method,333.27,0.0
V53_Q_005042_Q5,[],,[],{},,,,ERROR: type dict doesn't define __round__ method,328.35,0.0
V53_Q_005043_Q1,[],,[],{},,,,ERROR: type dict doesn't define __round__ method,343.21,0.0
V53_Q_005043_Q2,[],,[],{},,,,ERROR: type dict doesn't define __round__ method,325.62,0.0
V53_Q_005043_Q3,[],,[],{},,,,ERROR: type dict doesn't define __round__ method,326.45,0.0
V53_Q_005043_Q4,[],,[],{},,,,ERROR: type dict doesn't define __round__ method,331.83,0.0
V53_Q_005043_Q5,[],,[],{},,,,ERROR: type dict doesn't define __round__ method,359.67,0.0
V53_Q_005044_Q1,[],,[],{},,,,ERROR: type dict doesn't define __round__ method,331.09,0.0
V53_Q_005044_Q2,[],,[],{},,,,ERROR: type dict doesn't define __round__ method,338.28,0.0
V53_Q_005044_Q3,[],,[],{},,,,ERROR: type dict doesn't define __round__ method,376.11,0.0
V53_Q_005044_Q4,[],,[],{},,,,ERROR: type dict doesn't define __round__ method,359.47,0.0
V53_Q_005044_Q5,[],,[],{},,,,ERROR: type dict doesn't define __round__ method,379.32,0.0
V53_Q_005045_Q1,[],,[],{},,,,ERROR: type dict doesn't define __round__ method,437.34,0.0
V53_Q_005045_Q2,[],,[],{},,,,ERROR: type dict doesn't define __round__ method,397.57,0.0
V53_Q_005045_Q3,[],,[],{},,,,ERROR: type dict doesn't define __round__ method,418.64,0.0
V53_Q_005045_Q4,[],,[],{},,,,ERROR: type dict doesn't define __round__ method,440.09,0.0
V53_Q_005045_Q5,[],,[],{},,,,ERROR: type dict doesn't define __round__ method,416.74,0.0
V53_Q_005046_Q1,[],,[],{},,,,ERROR: type dict doesn't define __round__ method,476.24,0.0
V53_Q_005046_Q2,[],,[],{},,,,ERROR: type dict doesn't define __round__ method,428.49,0.0
V53_Q_005046_Q3,[],,[],{},,,,ERROR: type dict doesn't define __round__ method,502.54,0.0
V53_Q_005046_Q4,[],retrieve_synthesize_execute,[],{},,,,,493.55,0.0
V53_Q_005046_Q5,[],,[],{},,,,ERROR: type dict doesn't define __round__ method,484.51,0.0
V53_Q_005047_Q1,[],,[],{},,,,ERROR: type dict doesn't define __round__ method,424.42,0.0
V53_Q_005047_Q2,[],,[],{},,,,ERROR: type dict doesn't define __round__ method,359.52,0.0
V53_Q_005047_Q3,[],,[],{},,,,ERROR: type dict doesn't define __round__ method,341.18,0.0
V53_Q_005047_Q4,[],,[],{},,,,ERROR: type dict doesn't define __round__ method,400.19,0.0
V53_Q_005047_Q5,[],,[],{},,,,ERROR: type dict doesn't define __round__ method,389.76,0.0
V53_Q_005048_Q1,[],,[],{},,,,ERROR: type dict doesn't define __round__ method,476.93,0.0
V53_Q_005048_Q2,[],retrieve_synthesize_execute,[],{},,,,,498.49,0.0
V53_Q_005048_Q3,[],,[],{},,,,ERROR: type dict doesn't define __round__ method,535.53,0.0
V53_Q_005048_Q4,[],retrieve_synthesize_execute,[],{},,,,,544.53,0.0
V53_Q_005048_Q5,[],,[],{},,,,ERROR: type dict doesn't define __round__ method,581.12,0.0
V53_Q_005049_Q1,[],,[],{},,,,ERROR: type dict doesn't define __round__ method,373.64,0.0
V53_Q_005049_Q2,[],,[],{},,,,ERROR: type dict doesn't define __round__ method,479.1,0.0
V53_Q_005049_Q3,[],,[],{},,,,ERROR: type dict doesn't define __round__ method,506.29,0.0
V53_Q_005049_Q4,[],,[],{},,,,ERROR: type dict doesn't define __round__ method,499.69,0.0
V53_Q_005049_Q5,[],,[],{},,,,ERROR: type dict doesn't define __round__ method,432.16,0.0
V53_Q_005050_Q1,[],,[],{},,,,ERROR: type dict doesn't define __round__ method,392.54,0.0
V53_Q_005050_Q2,[],retrieve_synthesize_execute,[],{},,,,,299.42,0.0
V53_Q_005050_Q3,[],,[],{},,,,ERROR: type dict doesn't define __round__ method,360.92,0.0
V53_Q_005050_Q4,[],,[],{},,,,ERROR: type dict doesn't define __round__ method,328.28,0.0
V53_Q_005050_Q5,[],retrieve_synthesize_execute,[],{},,,,,304.67,0.0
V53_Q_005051_Q1,[],,[],{},,,,ERROR: type dict doesn't define __round__ method,550.97,0.0
V53_Q_005051_Q2,[],,[],{},,,,ERROR: type dict doesn't define __round__ method,335.12,0.0
V53_Q_005051_Q3,[],,[],{},,,,ERROR: type dict doesn't define __round__ method,339.58,0.0
V53_Q_005051_Q4,[],,[],{},,,,ERROR: type dict doesn't define __round__ method,344.02,0.0
V53_Q_005051_Q5,[],,[],{},,,,ERROR: type dict doesn't define __round__ method,340.22,0.0
V53_Q_005052_Q1,[],,[],{},,,,ERROR: type dict doesn't define __round__ method,341.47,0.0
V53_Q_005052_Q2,[],,[],{},,,,ERROR: type dict doesn't define __round__ method,349.44,0.0
V53_Q_005052_Q3,[],,[],{},,,,ERROR: type dict doesn't define __round__ method,341.0,0.0
V53_Q_005052_Q4,[],,[],{},,,,ERROR: type dict doesn't define __round__ method,337.68,0.0
V53_Q_005052_Q5,[],,[],{},,,,ERROR: type dict doesn't define __round__ method,339.11,0.0
V53_Q_005053_Q1,[],,[],{},,,,ERROR: type dict doesn't define __round__ method,351.18,0.0
V53_Q_005053_Q2,[],,[],{},,,,ERROR: type dict doesn't define __round__ method,335.27,0.0
V53_Q_005053_Q3,[],,[],{},,,,ERROR: type dict doesn't define __round__ method,334.29,0.0
V53_Q_005053_Q4,[],retrieve_synthesize_execute,[],{},,,,,304.69,0.0
V53_Q_005053_Q5,[],,[],{},,,,ERROR: type dict doesn't define __round__ method,329.13,0.0
V53_Q_005054_Q1,[],,[],{},,,,ERROR: type dict doesn't define __round__ method,469.13,0.0
V53_Q_005054_Q2,[],,[],{},,,,ERROR: type dict doesn't define __round__ method,358.37,0.0
V53_Q_005054_Q3,[],,[],{},,,,ERROR: type dict doesn't define __round__ method,389.02,0.0
V53_Q_005054_Q4,[],,[],{},,,,ERROR: type dict doesn't define __round__ method,447.93,0.0
V53_Q_005054_Q5,[],,[],{},,,,ERROR: type dict doesn't define __round__ method,393.95,0.0
V53_Q_005055_Q1,[],,[],{},,,,ERROR: type dict doesn't define __round__ method,453.99,0.0
V53_Q_005055_Q2,[],,[],{},,,,ERROR: type dict doesn't define __round__ method,561.47,0.0
V53_Q_005055_Q3,[],,[],{},,,,ERROR: type dict doesn't define __round__ method,459.33,0.0
V53_Q_005055_Q4,[],retrieve_synthesize_execute,[],{},,,,,414.89,0.0
V53_Q_005055_Q5,[],,[],{},,,,ERROR: type dict doesn't define __round__ method,491.42,0.0
V53_Q_005056_Q1,[],,[],{},,,,ERROR: type dict doesn't define __round__ method,746.52,0.0
V53_Q_005056_Q2,[],retrieve_synthesize_execute,[],{},,,,,468.05,0.0
V53_Q_005056_Q3,[],,[],{},,,,ERROR: type dict doesn't define __round__ method,449.34,0.0
V53_Q_005056_Q4,[],,[],{},,,,ERROR: type dict doesn't define __round__ method,446.86,0.0
V53_Q_005056_Q5,[],retrieve_synthesize_execute,[],{},,,,,515.38,0.0
V53_Q_005057_Q1,[],,[],{},,,,ERROR: type dict doesn't define __round__ method,388.16,0.0
V53_Q_005057_Q2,[],,[],{},,,,ERROR: type dict doesn't define __round__ method,376.19,0.0
V53_Q_005057_Q3,[],,[],{},,,,ERROR: type dict doesn't define __round__ method,487.16,0.0
V53_Q_005057_Q4,[],,[],{},,,,ERROR: type dict doesn't define __round__ method,470.49,0.0
V53_Q_005057_Q5,[],,[],{},,,,ERROR: type dict doesn't define __round__ method,628.72,0.0
V53_Q_005058_Q1,[],,[],{},,,,ERROR: type dict doesn't define __round__ method,465.49,0.0
V53_Q_005058_Q2,[],,[],{},,,,ERROR: type dict doesn't define __round__ method,452.9,0.0
V53_Q_005058_Q3,[],,[],{},,,,ERROR: type dict doesn't define __round__ method,1026.49,0.0
V53_Q_005058_Q4,[],,[],{},,,,ERROR: type dict doesn't define __round__ method,507.8,0.0
V53_Q_005058_Q5,[],retrieve_synthesize_execute,[],{},,,,,309.98,0.0
V53_Q_005059_Q1,[],,[],{},,,,ERROR: type dict doesn't define __round__ method,346.33,0.0
V53_Q_005059_Q2,[],retrieve_synthesize_execute,[],{},,,,,311.08,0.0
V53_Q_005059_Q3,[],,[],{},,,,ERROR: type dict doesn't define __round__ method,335.32,0.0
V53_Q_005059_Q4,[],,[],{},,,,ERROR: type dict doesn't define __round__ method,319.87,0.0
V53_Q_005059_Q5,[],,[],{},,,,ERROR: type dict doesn't define __round__ method,335.43,0.0
V53_Q_005060_Q1,[],,[],{},,,,ERROR: type dict doesn't define __round__ method,344.77,0.0
V53_Q_005060_Q2,[],retrieve_synthesize_execute,[],{},,,,,308.68,0.0
V53_Q_005060_Q3,[],,[],{},,,,ERROR: type dict doesn't define __round__ method,327.91,0.0
V53_Q_005060_Q4,[],,[],{},,,,ERROR: type dict doesn't define __round__ method,335.2,0.0
V53_Q_005060_Q5,[],retrieve_synthesize_execute,[],{},,,,,371.01,0.0
V53_Q_005061_Q1,[],,[],{},,,,ERROR: type dict doesn't define __round__ method,416.77,0.0
V53_Q_005061_Q2,[],,[],{},,,,ERROR: type dict doesn't define __round__ method,328.19,0.0
V53_Q_005061_Q3,[],,[],{},,,,ERROR: type dict doesn't define __round__ method,338.49,0.0
V53_Q_005061_Q4,[],,[],{},,,,ERROR: type dict doesn't define __round__ method,339.81,0.0
V53_Q_005061_Q5,[],,[],{},,,,ERROR: type dict doesn't define __round__ method,327.95,0.0
V53_Q_005062_Q1,[],,[],{},,,,ERROR: type dict doesn't define __round__ method,353.28,0.0
V53_Q_005062_Q2,[],,[],{},,,,ERROR: type dict doesn't define __round__ method,334.71,0.0
V53_Q_005062_Q3,[],,[],{},,,,ERROR: type dict doesn't define __round__ method,338.2,0.0
V53_Q_005062_Q4,[],retrieve_synthesize_execute,[],{},,,,,300.91,0.0
V53_Q_005062_Q5,[],,[],{},,,,ERROR: type dict doesn't define __round__ method,329.84,0.0
V53_Q_005063_Q1,[],,[],{},,,,ERROR: type dict doesn't define __round__ method,331.39,0.0
V53_Q_005063_Q2,[],,[],{},,,,ERROR: type dict doesn't define __round__ method,364.68,0.0
V53_Q_005063_Q3,[],,[],{},,,,ERROR: type dict doesn't define __round__ method,329.25,0.0
V53_Q_005063_Q4,[],,[],{},,,,ERROR: type dict doesn't define __round__ method,329.84,0.0
V53_Q_005063_Q5,[],,[],{},,,,ERROR: type dict doesn't define __round__ method,322.8,0.0
V53_Q_005064_Q1,[],,[],{},,,,ERROR: type dict doesn't define __round__ method,442.77,0.0
V53_Q_005064_Q2,[],,[],{},,,,ERROR: type dict doesn't define __round__ method,367.84,0.0
V53_Q_005064_Q3,[],,[],{},,,,ERROR: type dict doesn't define __round__ method,449.48,0.0
V53_Q_005064_Q4,[],,[],{},,,,ERROR: type dict doesn't define __round__ method,455.56,0.0
V53_Q_005064_Q5,[],,[],{},,,,ERROR: type dict doesn't define __round__ method,376.84,0.0
V53_Q_005065_Q1,[],,[],{},,,,ERROR: type dict doesn't define __round__ method,422.57,0.0
V53_Q_005065_Q2,[],,[],{},,,,ERROR: type dict doesn't define __round__ method,414.6,0.0
V53_Q_005065_Q3,[],,[],{},,,,ERROR: type dict doesn't define __round__ method,469.67,0.0
V53_Q_005065_Q4,[],,[],{},,,,ERROR: type dict doesn't define __round__ method,461.95,0.0
V53_Q_005065_Q5,[],,[],{},,,,ERROR: type dict doesn't define __round__ method,695.51,0.0
V53_Q_005066_Q1,[],,[],{},,,,ERROR: type dict doesn't define __round__ method,864.55,0.0
V53_Q_005066_Q2,[],,[],{},,,,ERROR: type dict doesn't define __round__ method,592.2,0.0
V53_Q_005066_Q3,[],,[],{},,,,ERROR: type dict doesn't define __round__ method,376.13,0.0
V53_Q_005066_Q4,[],retrieve_synthesize_execute,[],{},,,,,482.35,0.0
V53_Q_005066_Q5,[],,[],{},,,,ERROR: type dict doesn't define __round__ method,403.57,0.0
V53_Q_005067_Q1,[],,[],{},,,,ERROR: type dict doesn't define __round__ method,477.94,0.0
V53_Q_005067_Q2,[],,[],{},,,,ERROR: type dict doesn't define __round__ method,559.8,0.0
V53_Q_005067_Q3,[],,[],{},,,,ERROR: type dict doesn't define __round__ method,634.62,0.0
V53_Q_005067_Q4,[],retrieve_synthesize_execute,[],{},,,,,499.79,0.0
V53_Q_005067_Q5,[],,[],{},,,,ERROR: type dict doesn't define __round__ method,455.35,0.0
V53_Q_005068_Q1,[],,[],{},,,,ERROR: type dict doesn't define __round__ method,508.9,0.0
V53_Q_005068_Q2,[],retrieve_synthesize_execute,[],{},,,,,386.72,0.0
V53_Q_005068_Q3,[],,[],{},,,,ERROR: type dict doesn't define __round__ method,540.48,0.0
V53_Q_005068_Q4,[],retrieve_synthesize_execute,[],{},,,,,532.63,0.0
V53_Q_005068_Q5,[],,[],{},,,,ERROR: type dict doesn't define __round__ method,432.81,0.0
V53_Q_005069_Q1,[],,[],{},,,,ERROR: type dict doesn't define __round__ method,388.27,0.0
V53_Q_005069_Q2,[],,[],{},,,,ERROR: type dict doesn't define __round__ method,332.68,0.0
V53_Q_005069_Q3,[],,[],{},,,,ERROR: type dict doesn't define __round__ method,325.58,0.0
V53_Q_005069_Q4,[],retrieve_synthesize_execute,[],{},,,,,292.09,0.0
V53_Q_005069_Q5,[],,[],{},,,,ERROR: type dict doesn't define __round__ method,319.46,0.0
V53_Q_005070_Q1,[],,[],{},,,,ERROR: type dict doesn't define __round__ method,336.35,0.0
V53_Q_005070_Q2,[],,[],{},,,,ERROR: type dict doesn't define __round__ method,322.04,0.0
V53_Q_005070_Q3,[],,[],{},,,,ERROR: type dict doesn't define __round__ method,334.46,0.0
V53_Q_005070_Q4,[],retrieve_synthesize_execute,[],{},,,,,297.69,0.0
V53_Q_005070_Q5,[],,[],{},,,,ERROR: type dict doesn't define __round__ method,333.37,0.0
V53_Q_005071_Q1,[],,[],{},,,,ERROR: type dict doesn't define __round__ method,337.13,0.0
V53_Q_005071_Q2,[],,[],{},,,,ERROR: type dict doesn't define __round__ method,343.31,0.0
V53_Q_005071_Q3,[],,[],{},,,,ERROR: type dict doesn't define __round__ method,324.16,0.0
V53_Q_005071_Q4,[],,[],{},,,,ERROR: type dict doesn't define __round__ method,339.89,0.0
V53_Q_005071_Q5,[],,[],{},,,,ERROR: type dict doesn't define __round__ method,337.97,0.0
V53_Q_005072_Q1,[],,[],{},,,,ERROR: type dict doesn't define __round__ method,337.36,0.0
V53_Q_005072_Q2,[],,[],{},,,,ERROR: type dict doesn't define __round__ method,321.67,0.0
V53_Q_005072_Q3,[],,[],{},,,,ERROR: type dict doesn't define __round__ method,334.44,0.0
V53_Q_005072_Q4,[],retrieve_synthesize_execute,[],{},,,,,305.48,0.0
V53_Q_005072_Q5,[],retrieve_synthesize_execute,[],{},,,,,310.06,0.0
V53_Q_005073_Q1,[],,[],{},,,,ERROR: type dict doesn't define __round__ method,332.16,0.0
V53_Q_005073_Q2,[],retrieve_synthesize_execute,[],{},,,,,307.53,0.0
V53_Q_005073_Q3,[],,[],{},,,,ERROR: type dict doesn't define __round__ method,378.65,0.0
V53_Q_005073_Q4,[],retrieve_synthesize_execute,[],{},,,,,329.95,0.0
V53_Q_005073_Q5,[],retrieve_synthesize_execute,[],{},,,,,322.46,0.0
V53_Q_005074_Q1,[],,[],{},,,,ERROR: type dict doesn't define __round__ method,366.24,0.0
V53_Q_005074_Q2,[],,[],{},,,,ERROR: type dict doesn't define __round__ method,416.59,0.0
V53_Q_005074_Q3,[],,[],{},,,,ERROR: type dict doesn't define __round__ method,411.94,0.0
V53_Q_005074_Q4,[],,[],{},,,,ERROR: type dict doesn't define __round__ method,410.95,0.0
V53_Q_005074_Q5,[],retrieve_synthesize_execute,[],{},,,,,411.74,0.0
V53_Q_005075_Q1,[],,[],{},,,,ERROR: type dict doesn't define __round__ method,440.83,0.0
V53_Q_005075_Q2,[],,[],{},,,,ERROR: type dict doesn't define __round__ method,436.45,0.0
V53_Q_005075_Q3,[],,[],{},,,,ERROR: type dict doesn't define __round__ method,450.03,0.0
V53_Q_005075_Q4,[],retrieve_synthesize_execute,[],{},,,,,410.83,0.0
V53_Q_005075_Q5,[],,[],{},,,,ERROR: type dict doesn't define __round__ method,426.43,0.0
V53_Q_005076_Q1,[],,[],{},,,,ERROR: type dict doesn't define __round__ method,504.83,0.0
V53_Q_005076_Q2,[],retrieve_synthesize_execute,[],{},,,,,468.56,0.0
V53_Q_005076_Q3,[],,[],{},,,,ERROR: type dict doesn't define __round__ method,514.15,0.0
V53_Q_005076_Q4,[],retrieve_synthesize_execute,[],{},,,,,350.94,0.0
V53_Q_005076_Q5,[],,[],{},,,,ERROR: type dict doesn't define __round__ method,394.24,0.0
V53_Q_005077_Q1,[],,[],{},,,,ERROR: type dict doesn't define __round__ method,417.36,0.0
V53_Q_005077_Q2,[],,[],{},,,,ERROR: type dict doesn't define __round__ method,444.05,0.0
V53_Q_005077_Q3,[],,[],{},,,,ERROR: type dict doesn't define __round__ method,456.78,0.0
V53_Q_005077_Q4,[],,[],{},,,,ERROR: type dict doesn't define __round__ method,520.01,0.0
V53_Q_005077_Q5,[],,[],{},,,,ERROR: type dict doesn't define __round__ method,592.58,0.0
V53_Q_005078_Q1,[],,[],{},,,,ERROR: type dict doesn't define __round__ method,1480.69,0.0
V53_Q_005078_Q2,[],,[],{},,,,ERROR: type dict doesn't define __round__ method,462.06,0.0
V53_Q_005078_Q3,[],,[],{},,,,ERROR: type dict doesn't define __round__ method,515.81,0.0
V53_Q_005078_Q4,[],,[],{},,,,ERROR: type dict doesn't define __round__ method,638.33,0.0
V53_Q_005078_Q5,[],,[],{},,,,ERROR: type dict doesn't define __round__ method,444.5,0.0
V53_Q_005079_Q1,[],,[],{},,,,ERROR: type dict doesn't define __round__ method,386.8,0.0
V53_Q_005079_Q2,[],,[],{},,,,ERROR: type dict doesn't define __round__ method,326.51,0.0
V53_Q_005079_Q3,[],,[],{},,,,ERROR: type dict doesn't define __round__ method,331.23,0.0
V53_Q_005079_Q4,[],,[],{},,,,ERROR: type dict doesn't define __round__ method,324.92,0.0
V53_Q_005079_Q5,[],,[],{},,,,ERROR: type dict doesn't define __round__ method,331.4,0.0
V53_Q_005080_Q1,[],,[],{},,,,ERROR: type dict doesn't define __round__ method,329.7,0.0
V53_Q_005080_Q2,[],,[],{},,,,ERROR: type dict doesn't define __round__ method,330.83,0.0
V53_Q_005080_Q3,[],,[],{},,,,ERROR: type dict doesn't define __round__ method,327.87,0.0
V53_Q_005080_Q4,[],,[],{},,,,ERROR: type dict doesn't define __round__ method,327.07,0.0
V53_Q_005080_Q5,[],,[],{},,,,ERROR: type dict doesn't define __round__ method,334.01,0.0
V53_Q_005081_Q1,[],,[],{},,,,ERROR: type dict doesn't define __round__ method,353.89,0.0
V53_Q_005081_Q2,[],,[],{},,,,ERROR: type dict doesn't define __round__ method,336.9,0.0
V53_Q_005081_Q3,[],,[],{},,,,ERROR: type dict doesn't define __round__ method,507.26,0.0
V53_Q_005081_Q4,[],retrieve_synthesize_execute,[],{},,,,,368.87,0.0
V53_Q_005081_Q5,[],,[],{},,,,ERROR: type dict doesn't define __round__ method,364.93,0.0
V53_Q_005082_Q1,[],,[],{},,,,ERROR: type dict doesn't define __round__ method,378.21,0.0
V53_Q_005082_Q2,[],,[],{},,,,ERROR: type dict doesn't define __round__ method,372.88,0.0
V53_Q_005082_Q3,[],,[],{},,,,ERROR: type dict doesn't define __round__ method,367.67,0.0
V53_Q_005082_Q4,[],retrieve_synthesize_execute,[],{},,,,,299.07,0.0
V53_Q_005082_Q5,[],retrieve_synthesize_execute,[],{},,,,,299.09,0.0
V53_Q_005083_Q1,[],,[],{},,,,ERROR: type dict doesn't define __round__ method,337.42,0.0
V53_Q_005083_Q2,[],retrieve_synthesize_execute,[],{},,,,,297.63,0.0
V53_Q_005083_Q3,[],,[],{},,,,ERROR: type dict doesn't define __round__ method,326.12,0.0
V53_Q_005083_Q4,[],retrieve_synthesize_execute,[],{},,,,,299.19,0.0
V53_Q_005083_Q5,[],retrieve_synthesize_execute,[],{},,,,,301.62,0.0
V53_Q_005084_Q1,[],,[],{},,,,ERROR: type dict doesn't define __round__ method,327.97,0.0
V53_Q_005084_Q2,[],,[],{},,,,ERROR: type dict doesn't define __round__ method,375.25,0.0
V53_Q_005084_Q3,[],,[],{},,,,ERROR: type dict doesn't define __round__ method,408.26,0.0
V53_Q_005084_Q4,[],retrieve_synthesize_execute,[],{},,,,,384.02,0.0
V53_Q_005084_Q5,[],,[],{},,,,ERROR: type dict doesn't define __round__ method,446.59,0.0
V53_Q_005085_Q1,[],,[],{},,,,ERROR: type dict doesn't define __round__ method,456.12,0.0
V53_Q_005085_Q2,[],retrieve_synthesize_execute,[],{},,,,,414.38,0.0
V53_Q_005085_Q3,[],,[],{},,,,ERROR: type dict doesn't define __round__ method,544.06,0.0
V53_Q_005085_Q4,[],retrieve_synthesize_execute,[],{},,,,,690.73,0.0
V53_Q_005085_Q5,[],,[],{},,,,ERROR: type dict doesn't define __round__ method,414.63,0.0
V53_Q_005086_Q1,[],,[],{},,,,ERROR: type dict doesn't define __round__ method,540.32,0.0
V53_Q_005086_Q2,[],,[],{},,,,ERROR: type dict doesn't define __round__ method,492.84,0.0
V53_Q_005086_Q3,[],,[],{},,,,ERROR: type dict doesn't define __round__ method,454.02,0.0
V53_Q_005086_Q4,[],retrieve_synthesize_execute,[],{},,,,,438.34,0.0
V53_Q_005086_Q5,[],,[],{},,,,ERROR: type dict doesn't define __round__ method,435.32,0.0
V53_Q_005087_Q1,[],,[],{},,,,ERROR: type dict doesn't define __round__ method,463.04,0.0
V53_Q_005087_Q2,[],retrieve_synthesize_execute,[],{},,,,,421.08,0.0
V53_Q_005087_Q3,[],,[],{},,,,ERROR: type dict doesn't define __round__ method,558.72,0.0
V53_Q_005087_Q4,[],retrieve_synthesize_execute,[],{},,,,,530.4,0.0
V53_Q_005087_Q5,[],,[],{},,,,ERROR: type dict doesn't define __round__ method,460.55,0.0
V53_Q_005088_Q1,[],,[],{},,,,ERROR: type dict doesn't define __round__ method,744.32,0.0
V53_Q_005088_Q2,[],retrieve_synthesize_execute,[],{},,,,,486.15,0.0
V53_Q_005088_Q3,[],,[],{},,,,ERROR: type dict doesn't define __round__ method,452.98,0.0
V53_Q_005088_Q4,[],retrieve_synthesize_execute,[],{},,,,,298.46,0.0
V53_Q_005088_Q5,[],,[],{},,,,ERROR: type dict doesn't define __round__ method,334.93,0.0
V53_Q_005089_Q1,[],,[],{},,,,ERROR: type dict doesn't define __round__ method,337.49,0.0
V53_Q_005089_Q2,[],,[],{},,,,ERROR: type dict doesn't define __round__ method,326.82,0.0
V53_Q_005089_Q3,[],,[],{},,,,ERROR: type dict doesn't define __round__ method,328.56,0.0
V53_Q_005089_Q4,[],,[],{},,,,ERROR: type dict doesn't define __round__ method,337.02,0.0
V53_Q_005089_Q5,[],,[],{},,,,ERROR: type dict doesn't define __round__ method,353.9,0.0
V53_Q_005090_Q1,[],,[],{},,,,ERROR: type dict doesn't define __round__ method,336.9,0.0
V53_Q_005090_Q2,[],,[],{},,,,ERROR: type dict doesn't define __round__ method,331.21,0.0
V53_Q_005090_Q3,[],,[],{},,,,ERROR: type dict doesn't define __round__ method,328.21,0.0
V53_Q_005090_Q4,[],retrieve_synthesize_execute,[],{},,,,,302.14,0.0
V53_Q_005090_Q5,[],retrieve_synthesize_execute,[],{},,,,,304.39,0.0
V53_Q_005091_Q1,[],,[],{},,,,ERROR: type dict doesn't define __round__ method,347.55,0.0
V53_Q_005091_Q2,[],,[],{},,,,ERROR: type dict doesn't define __round__ method,338.02,0.0
V53_Q_005091_Q3,[],,[],{},,,,ERROR: type dict doesn't define __round__ method,330.62,0.0
V53_Q_005091_Q4,[],,[],{},,,,ERROR: type dict doesn't define __round__ method,489.76,0.0
V53_Q_005091_Q5,[],,[],{},,,,ERROR: type dict doesn't define __round__ method,341.92,0.0
V53_Q_005092_Q1,[],,[],{},,,,ERROR: type dict doesn't define __round__ method,335.59,0.0
V53_Q_005092_Q2,[],,[],{},,,,ERROR: type dict doesn't define __round__ method,334.79,0.0
V53_Q_005092_Q3,[],,[],{},,,,ERROR: type dict doesn't define __round__ method,337.31,0.0
V53_Q_005092_Q4,[],,[],{},,,,ERROR: type dict doesn't define __round__ method,351.09,0.0
V53_Q_005092_Q5,[],,[],{},,,,ERROR: type dict doesn't define __round__ method,359.13,0.0
V53_Q_005093_Q1,[],,[],{},,,,ERROR: type dict doesn't define __round__ method,365.61,0.0
V53_Q_005093_Q2,[],,[],{},,,,ERROR: type dict doesn't define __round__ method,339.52,0.0
V53_Q_005093_Q3,[],,[],{},,,,ERROR: type dict doesn't define __round__ method,339.8,0.0
V53_Q_005093_Q4,[],,[],{},,,,ERROR: type dict doesn't define __round__ method,337.69,0.0
V53_Q_005093_Q5,[],,[],{},,,,ERROR: type dict doesn't define __round__ method,327.07,0.0
V53_Q_005094_Q1,[],,[],{},,,,ERROR: type dict doesn't define __round__ method,354.52,0.0
V53_Q_005094_Q2,[],,[],{},,,,ERROR: type dict doesn't define __round__ method,456.73,0.0
V53_Q_005094_Q3,[],,[],{},,,,ERROR: type dict doesn't define __round__ method,612.64,0.0
V53_Q_005094_Q4,[],,[],{},,,,ERROR: type dict doesn't define __round__ method,383.06,0.0
V53_Q_005094_Q5,[],,[],{},,,,ERROR: type dict doesn't define __round__ method,473.06,0.0
V53_Q_005095_Q1,[],,[],{},,,,ERROR: type dict doesn't define __round__ method,403.53,0.0
V53_Q_005095_Q2,[],,[],{},,,,ERROR: type dict doesn't define __round__ method,439.63,0.0
V53_Q_005095_Q3,[],,[],{},,,,ERROR: type dict doesn't define __round__ method,467.77,0.0
V53_Q_005095_Q4,[],,[],{},,,,ERROR: type dict doesn't define __round__ method,568.58,0.0
V53_Q_005095_Q5,[],,[],{},,,,ERROR: type dict doesn't define __round__ method,562.43,0.0
V53_Q_005096_Q1,[],,[],{},,,,ERROR: type dict doesn't define __round__ method,491.43,0.0
V53_Q_005096_Q2,[],retrieve_synthesize_execute,[],{},,,,,482.68,0.0
V53_Q_005096_Q3,[],,[],{},,,,ERROR: type dict doesn't define __round__ method,386.84,0.0
V53_Q_005096_Q4,[],,[],{},,,,ERROR: type dict doesn't define __round__ method,384.77,0.0
V53_Q_005096_Q5,[],retrieve_synthesize_execute,[],{},,,,,324.62,0.0
V53_Q_005097_Q1,[],,[],{},,,,ERROR: type dict doesn't define __round__ method,384.97,0.0
V53_Q_005097_Q2,[],,[],{},,,,ERROR: type dict doesn't define __round__ method,430.13,0.0
V53_Q_005097_Q3,[],,[],{},,,,ERROR: type dict doesn't define __round__ method,534.69,0.0
V53_Q_005097_Q4,[],retrieve_synthesize_execute,[],{},,,,,1311.69,0.0
V53_Q_005097_Q5,[],,[],{},,,,ERROR: type dict doesn't define __round__ method,389.6,0.0
V53_Q_005098_Q1,[],,[],{},,,,ERROR: type dict doesn't define __round__ method,519.13,0.0
V53_Q_005098_Q2,[],,[],{},,,,ERROR: type dict doesn't define __round__ method,557.96,0.0
V53_Q_005098_Q3,[],,[],{},,,,ERROR: type dict doesn't define __round__ method,348.89,0.0
V53_Q_005098_Q4,[],,[],{},,,,ERROR: type dict doesn't define __round__ method,393.65,0.0
V53_Q_005098_Q5,[],,[],{},,,,ERROR: type dict doesn't define __round__ method,338.97,0.0
V53_Q_005099_Q1,[],,[],{},,,,ERROR: type dict doesn't define __round__ method,336.4,0.0
V53_Q_005099_Q2,[],,[],{},,,,ERROR: type dict doesn't define __round__ method,333.88,0.0
V53_Q_005099_Q3,[],,[],{},,,,ERROR: type dict doesn't define __round__ method,341.05,0.0
V53_Q_005099_Q4,[],retrieve_synthesize_execute,[],{},,,,,311.22,0.0
V53_Q_005099_Q5,[],,[],{},,,,ERROR: type dict doesn't define __round__ method,343.71,0.0
V53_Q_005100_Q1,[],,[],{},,,,ERROR: type dict doesn't define __round__ method,333.28,0.0
V53_Q_005100_Q2,[],retrieve_synthesize_execute,[],{},,,,,304.36,0.0
V53_Q_005100_Q3,[],,[],{},,,,ERROR: type dict doesn't define __round__ method,327.94,0.0
V53_Q_005100_Q4,[],,[],{},,,,ERROR: type dict doesn't define __round__ method,325.83,0.0
V53_Q_005100_Q5,[],retrieve_synthesize_execute,[],{},,,,,308.59,0.0
V53_Q_005101_Q1,[],,[],{},,,,ERROR: type dict doesn't define __round__ method,337.04,0.0
V53_Q_005101_Q2,[],,[],{},,,,ERROR: type dict doesn't define __round__ method,332.54,0.0
V53_Q_005101_Q3,[],,[],{},,,,ERROR: type dict doesn't define __round__ method,329.87,0.0
V53_Q_005101_Q4,[],,[],{},,,,ERROR: type dict doesn't define __round__ method,327.85,0.0
V53_Q_005101_Q5,[],,[],{},,,,ERROR: type dict doesn't define __round__ method,325.26,0.0
V53_Q_005102_Q1,[],,[],{},,,,ERROR: type dict doesn't define __round__ method,335.68,0.0
V53_Q_005102_Q2,[],,[],{},,,,ERROR: type dict doesn't define __round__ method,340.82,0.0
V53_Q_005102_Q3,[],,[],{},,,,ERROR: type dict doesn't define __round__ method,339.84,0.0
V53_Q_005102_Q4,[],,[],{},,,,ERROR: type dict doesn't define __round__ method,378.86,0.0
V53_Q_005102_Q5,[],,[],{},,,,ERROR: type dict doesn't define __round__ method,542.93,0.0
V53_Q_005103_Q1,[],,[],{},,,,ERROR: type dict doesn't define __round__ method,382.25,0.0
V53_Q_005103_Q2,[],,[],{},,,,ERROR: type dict doesn't define __round__ method,348.06,0.0
V53_Q_005103_Q3,[],,[],{},,,,ERROR: type dict doesn't define __round__ method,324.72,0.0
V53_Q_005103_Q4,[],retrieve_synthesize_execute,[],{},,,,,301.28,0.0
V53_Q_005103_Q5,[],,[],{},,,,ERROR: type dict doesn't define __round__ method,436.97,0.0
V53_Q_005104_Q1,[],,[],{},,,,ERROR: type dict doesn't define __round__ method,420.17,0.0
V53_Q_005104_Q2,[],retrieve_synthesize_execute,[],{},,,,,385.43,0.0
V53_Q_005104_Q3,[],,[],{},,,,ERROR: type dict doesn't define __round__ method,446.06,0.0
V53_Q_005104_Q4,[],retrieve_synthesize_execute,[],{},,,,,356.49,0.0
V53_Q_005104_Q5,[],retrieve_synthesize_execute,[],{},,,,,450.52,0.0
V53_Q_005105_Q1,[],,[],{},,,,ERROR: type dict doesn't define __round__ method,534.84,0.0
V53_Q_005105_Q2,[],,[],{},,,,ERROR: type dict doesn't define __round__ method,572.26,0.0
V53_Q_005105_Q3,[],,[],{},,,,ERROR: type dict doesn't define __round__ method,419.48,0.0
V53_Q_005105_Q4,[],,[],{},,,,ERROR: type dict doesn't define __round__ method,518.39,0.0
V53_Q_005105_Q5,[],,[],{},,,,ERROR: type dict doesn't define __round__ method,480.64,0.0
V53_Q_005106_Q1,[],,[],{},,,,ERROR: type dict doesn't define __round__ method,481.98,0.0
V53_Q_005106_Q2,[],,[],{},,,,ERROR: type dict doesn't define __round__ method,393.46,0.0
V53_Q_005106_Q3,[],,[],{},,,,ERROR: type dict doesn't define __round__ method,355.72,0.0
V53_Q_005106_Q4,[],retrieve_synthesize_execute,[],{},,,,,446.78,0.0
V53_Q_005106_Q5,[],,[],{},,,,ERROR: type dict doesn't define __round__ method,448.77,0.0
V53_Q_005107_Q1,[],,[],{},,,,ERROR: type dict doesn't define __round__ method,676.25,0.0
V53_Q_005107_Q2,[],,[],{},,,,ERROR: type dict doesn't define __round__ method,554.26,0.0
V53_Q_005107_Q3,[],,[],{},,,,ERROR: type dict doesn't define __round__ method,553.83,0.0
V53_Q_005107_Q4,[],,[],{},,,,ERROR: type dict doesn't define __round__ method,821.02,0.0
V53_Q_005107_Q5,[],,[],{},,,,ERROR: type dict doesn't define __round__ method,546.69,0.0
V53_Q_005108_Q1,[],,[],{},,,,ERROR: type dict doesn't define __round__ method,373.81,0.0
V53_Q_005108_Q2,[],,[],{},,,,ERROR: type dict doesn't define __round__ method,331.62,0.0
V53_Q_005108_Q3,[],,[],{},,,,ERROR: type dict doesn't define __round__ method,337.45,0.0
V53_Q_005108_Q4,[],,[],{},,,,ERROR: type dict doesn't define __round__ method,340.37,0.0
V53_Q_005108_Q5,[],,[],{},,,,ERROR: type dict doesn't define __round__ method,333.29,0.0
V53_Q_005109_Q1,[],,[],{},,,,ERROR: type dict doesn't define __round__ method,330.48,0.0
V53_Q_005109_Q2,[],retrieve_synthesize_execute,[],{},,,,,384.88,0.0
V53_Q_005109_Q3,[],,[],{},,,,ERROR: type dict doesn't define __round__ method,337.72,0.0
V53_Q_005109_Q4,[],,[],{},,,,ERROR: type dict doesn't define __round__ method,341.05,0.0
V53_Q_005109_Q5,[],,[],{},,,,ERROR: type dict doesn't define __round__ method,335.5,0.0
V53_Q_005110_Q1,[],,[],{},,,,ERROR: type dict doesn't define __round__ method,337.63,0.0
V53_Q_005110_Q2,[],,[],{},,,,ERROR: type dict doesn't define __round__ method,339.71,0.0
V53_Q_005110_Q3,[],,[],{},,,,ERROR: type dict doesn't define __round__ method,353.19,0.0
V53_Q_005110_Q4,[],,[],{},,,,ERROR: type dict doesn't define __round__ method,355.49,0.0
V53_Q_005110_Q5,[],,[],{},,,,ERROR: type dict doesn't define __round__ method,350.54,0.0
V53_Q_005111_Q1,[],,[],{},,,,ERROR: type dict doesn't define __round__ method,331.58,0.0
V53_Q_005111_Q2,[],,[],{},,,,ERROR: type dict doesn't define __round__ method,335.34,0.0
V53_Q_005111_Q3,[],,[],{},,,,ERROR: type dict doesn't define __round__ method,335.32,0.0
V53_Q_005111_Q4,[],retrieve_synthesize_execute,[],{},,,,,308.11,0.0
V53_Q_005111_Q5,[],,[],{},,,,ERROR: type dict doesn't define __round__ method,334.37,0.0
V53_Q_005112_Q1,[],,[],{},,,,ERROR: type dict doesn't define __round__ method,335.09,0.0
V53_Q_005112_Q2,[],,[],{},,,,ERROR: type dict doesn't define __round__ method,329.04,0.0
V53_Q_005112_Q3,[],,[],{},,,,ERROR: type dict doesn't define __round__ method,324.72,0.0
V53_Q_005112_Q4,[],,[],{},,,,ERROR: type dict doesn't define __round__ method,329.38,0.0
V53_Q_005112_Q5,[],,[],{},,,,ERROR: type dict doesn't define __round__ method,337.74,0.0
V53_Q_005113_Q1,[],,[],{},,,,ERROR: type dict doesn't define __round__ method,344.51,0.0
V53_Q_005113_Q2,[],,[],{},,,,ERROR: type dict doesn't define __round__ method,351.12,0.0
V53_Q_005113_Q3,[],,[],{},,,,ERROR: type dict doesn't define __round__ method,341.1,0.0
V53_Q_005113_Q4,[],,[],{},,,,ERROR: type dict doesn't define __round__ method,465.65,0.0
V53_Q_005113_Q5,[],,[],{},,,,ERROR: type dict doesn't define __round__ method,456.86,0.0
V53_Q_005114_Q1,[],,[],{},,,,ERROR: type dict doesn't define __round__ method,520.28,0.0
V53_Q_005114_Q2,[],,[],{},,,,ERROR: type dict doesn't define __round__ method,398.02,0.0
V53_Q_005114_Q3,[],,[],{},,,,ERROR: type dict doesn't define __round__ method,485.3,0.0
V53_Q_005114_Q4,[],,[],{},,,,ERROR: type dict doesn't define __round__ method,481.9,0.0
V53_Q_005114_Q5,[],retrieve_synthesize_execute,[],{},,,,,456.53,0.0
V53_Q_005115_Q1,[],,[],{},,,,ERROR: type dict doesn't define __round__ method,449.53,0.0
V53_Q_005115_Q2,[],retrieve_synthesize_execute,[],{},,,,,410.45,0.0
V53_Q_005115_Q3,[],,[],{},,,,ERROR: type dict doesn't define __round__ method,473.26,0.0
V53_Q_005115_Q4,[],,[],{},,,,ERROR: type dict doesn't define __round__ method,449.51,0.0
V53_Q_005115_Q5,[],retrieve_synthesize_execute,[],{},,,,,440.08,0.0
V53_Q_005116_Q1,[],retrieve_synthesize_execute,[],{},,,,,409.11,0.0
V53_Q_005116_Q2,[],,[],{},,,,ERROR: type dict doesn't define __round__ method,341.37,0.0
V53_Q_005116_Q3,[],,[],{},,,,ERROR: type dict doesn't define __round__ method,390.62,0.0
V53_Q_005116_Q4,[],retrieve_synthesize_execute,[],{},,,,,409.68,0.0
V53_Q_005116_Q5,[],,[],{},,,,ERROR: type dict doesn't define __round__ method,849.72,0.0
V53_Q_005117_Q1,[],,[],{},,,,ERROR: type dict doesn't define __round__ method,786.71,0.0
V53_Q_005117_Q2,[],,[],{},,,,ERROR: type dict doesn't define __round__ method,1026.22,0.0
V53_Q_005117_Q3,[],,[],{},,,,ERROR: type dict doesn't define __round__ method,611.83,0.0
V53_Q_005117_Q4,[],,[],{},,,,ERROR: type dict doesn't define __round__ method,816.96,0.0
V53_Q_005117_Q5,[],,[],{},,,,ERROR: type dict doesn't define __round__ method,612.7,0.0
V53_Q_005118_Q1,[],,[],{},,,,ERROR: type dict doesn't define __round__ method,729.62,0.0
V53_Q_005118_Q2,[],,[],{},,,,ERROR: type dict doesn't define __round__ method,566.17,0.0
V53_Q_005118_Q3,[],,[],{},,,,ERROR: type dict doesn't define __round__ method,460.51,0.0
V53_Q_005118_Q4,[],,[],{},,,,ERROR: type dict doesn't define __round__ method,911.68,0.0
V53_Q_005118_Q5,[],,[],{},,,,ERROR: type dict doesn't define __round__ method,433.03,0.0
V53_Q_005119_Q1,[],,[],{},,,,ERROR: type dict doesn't define __round__ method,378.67,0.0
V53_Q_005119_Q2,[],,[],{},,,,ERROR: type dict doesn't define __round__ method,349.76,0.0
V53_Q_005119_Q3,[],,[],{},,,,ERROR: type dict doesn't define __round__ method,355.38,0.0
V53_Q_005119_Q4,[],,[],{},,,,ERROR: type dict doesn't define __round__ method,344.71,0.0
V53_Q_005119_Q5,[],,[],{},,,,ERROR: type dict doesn't define __round__ method,349.74,0.0
V53_Q_005120_Q1,[],,[],{},,,,ERROR: type dict doesn't define __round__ method,363.36,0.0
V53_Q_005120_Q2,[],retrieve_synthesize_execute,[],{},,,,,328.63,0.0
V53_Q_005120_Q3,[],,[],{},,,,ERROR: type dict doesn't define __round__ method,387.13,0.0
V53_Q_005120_Q4,[],retrieve_synthesize_execute,[],{},,,,,315.5,0.0
V53_Q_005120_Q5,[],retrieve_synthesize_execute,[],{},,,,,313.56,0.0
V53_Q_005121_Q1,[],,[],{},,,,ERROR: type dict doesn't define __round__ method,406.93,0.0
V53_Q_005121_Q2,[],,[],{},,,,ERROR: type dict doesn't define __round__ method,365.93,0.0
V53_Q_005121_Q3,[],,[],{},,,,ERROR: type dict doesn't define __round__ method,362.88,0.0
V53_Q_005121_Q4,[],retrieve_synthesize_execute,[],{},,,,,336.78,0.0
V53_Q_005121_Q5,[],,[],{},,,,ERROR: type dict doesn't define __round__ method,381.57,0.0
V53_Q_005122_Q1,[],,[],{},,,,ERROR: type dict doesn't define __round__ method,449.71,0.0
V53_Q_005122_Q2,[],retrieve_synthesize_execute,[],{},,,,,442.59,0.0
V53_Q_005122_Q3,[],,[],{},,,,ERROR: type dict doesn't define __round__ method,491.06,0.0
V53_Q_005122_Q4,[],retrieve_synthesize_execute,[],{},,,,,414.51,0.0
V53_Q_005122_Q5,[],,[],{},,,,ERROR: type dict doesn't define __round__ method,433.09,0.0
V53_Q_005123_Q1,[],,[],{},,,,ERROR: type dict doesn't define __round__ method,549.94,0.0
V53_Q_005123_Q2,[],,[],{},,,,ERROR: type dict doesn't define __round__ method,501.5,0.0
V53_Q_005123_Q3,[],,[],{},,,,ERROR: type dict doesn't define __round__ method,474.34,0.0
V53_Q_005123_Q4,[],,[],{},,,,ERROR: type dict doesn't define __round__ method,487.06,0.0
V53_Q_005123_Q5,[],,[],{},,,,ERROR: type dict doesn't define __round__ method,533.25,0.0
V53_Q_005124_Q1,[],,[],{},,,,ERROR: type dict doesn't define __round__ method,1180.31,0.0
V53_Q_005124_Q2,[],,[],{},,,,ERROR: type dict doesn't define __round__ method,528.29,0.0
V53_Q_005124_Q3,[],,[],{},,,,ERROR: type dict doesn't define __round__ method,353.45,0.0
V53_Q_005124_Q4,[],,[],{},,,,ERROR: type dict doesn't define __round__ method,479.95,0.0
V53_Q_005124_Q5,[],,[],{},,,,ERROR: type dict doesn't define __round__ method,441.5,0.0
V53_Q_005125_Q1,[],,[],{},,,,ERROR: type dict doesn't define __round__ method,448.31,0.0
V53_Q_005125_Q2,[],,[],{},,,,ERROR: type dict doesn't define __round__ method,372.6,0.0
V53_Q_005125_Q3,[],,[],{},,,,ERROR: type dict doesn't define __round__ method,455.58,0.0
V53_Q_005125_Q4,[],retrieve_synthesize_execute,[],{},,,,,402.68,0.0
V53_Q_005125_Q5,[],,[],{},,,,ERROR: type dict doesn't define __round__ method,615.81,0.0
V53_Q_005126_Q1,[],,[],{},,,,ERROR: type dict doesn't define __round__ method,463.99,0.0
V53_Q_005126_Q2,[],,[],{},,,,ERROR: type dict doesn't define __round__ method,736.06,0.0
V53_Q_005126_Q3,[],,[],{},,,,ERROR: type dict doesn't define __round__ method,795.31,0.0
V53_Q_005126_Q4,[],,[],{},,,,ERROR: type dict doesn't define __round__ method,623.71,0.0
V53_Q_005126_Q5,[],,[],{},,,,ERROR: type dict doesn't define __round__ method,339.74,0.0
V53_Q_005127_Q1,[],,[],{},,,,ERROR: type dict doesn't define __round__ method,329.58,0.0
V53_Q_005127_Q2,[],,[],{},,,,ERROR: type dict doesn't define __round__ method,329.08,0.0
V53_Q_005127_Q3,[],,[],{},,,,ERROR: type dict doesn't define __round__ method,325.82,0.0
V53_Q_005127_Q4,[],,[],{},,,,ERROR: type dict doesn't define __round__ method,319.76,0.0
V53_Q_005127_Q5,[],,[],{},,,,ERROR: type dict doesn't define __round__ method,330.54,0.0
V53_Q_005128_Q1,[],,[],{},,,,ERROR: type dict doesn't define __round__ method,345.27,0.0
V53_Q_005128_Q2,[],,[],{},,,,ERROR: type dict doesn't define __round__ method,331.9,0.0
V53_Q_005128_Q3,[],,[],{},,,,ERROR: type dict doesn't define __round__ method,331.63,0.0
V53_Q_005128_Q4,[],retrieve_synthesize_execute,[],{},,,,,310.63,0.0
V53_Q_005128_Q5,[],,[],{},,,,ERROR: type dict doesn't define __round__ method,336.34,0.0
V53_Q_005129_Q1,[],,[],{},,,,ERROR: type dict doesn't define __round__ method,354.61,0.0
V53_Q_005129_Q2,[],retrieve_synthesize_execute,[],{},,,,,316.19,0.0
V53_Q_005129_Q3,[],,[],{},,,,ERROR: type dict doesn't define __round__ method,349.37,0.0
V53_Q_005129_Q4,[],,[],{},,,,ERROR: type dict doesn't define __round__ method,370.58,0.0
V53_Q_005129_Q5,[],retrieve_synthesize_execute,[],{},,,,,337.59,0.0
V53_Q_005130_Q1,[],,[],{},,,,ERROR: type dict doesn't define __round__ method,342.33,0.0
V53_Q_005130_Q2,[],,[],{},,,,ERROR: type dict doesn't define __round__ method,338.08,0.0
V53_Q_005130_Q3,[],,[],{},,,,ERROR: type dict doesn't define __round__ method,497.47,0.0
V53_Q_005130_Q4,[],,[],{},,,,ERROR: type dict doesn't define __round__ method,376.34,0.0
V53_Q_005130_Q5,[],,[],{},,,,ERROR: type dict doesn't define __round__ method,334.55,0.0
V53_Q_005131_Q1,[],,[],{},,,,ERROR: type dict doesn't define __round__ method,348.55,0.0
V53_Q_005131_Q2,[],,[],{},,,,ERROR: type dict doesn't define __round__ method,328.39,0.0
V53_Q_005131_Q3,[],,[],{},,,,ERROR: type dict doesn't define __round__ method,335.07,0.0
V53_Q_005131_Q4,[],,[],{},,,,ERROR: type dict doesn't define __round__ method,340.21,0.0
V53_Q_005131_Q5,[],,[],{},,,,ERROR: type dict doesn't define __round__ method,327.88,0.0
V53_Q_005132_Q1,[],,[],{},,,,ERROR: type dict doesn't define __round__ method,349.97,0.0
V53_Q_005132_Q2,[],,[],{},,,,ERROR: type dict doesn't define __round__ method,397.1,0.0
V53_Q_005132_Q3,[],,[],{},,,,ERROR: type dict doesn't define __round__ method,389.03,0.0
V53_Q_005132_Q4,[],retrieve_synthesize_execute,[],{},,,,,400.82,0.0
V53_Q_005132_Q5,[],,[],{},,,,ERROR: type dict doesn't define __round__ method,445.5,0.0
V53_Q_005133_Q1,[],,[],{},,,,ERROR: type dict doesn't define __round__ method,473.47,0.0
V53_Q_005133_Q2,[],,[],{},,,,ERROR: type dict doesn't define __round__ method,446.22,0.0
V53_Q_005133_Q3,[],,[],{},,,,ERROR: type dict doesn't define __round__ method,551.16,0.0
V53_Q_005133_Q4,[],,[],{},,,,ERROR: type dict doesn't define __round__ method,581.05,0.0
V53_Q_005133_Q5,[],,[],{},,,,ERROR: type dict doesn't define __round__ method,445.14,0.0
V53_Q_005134_Q1,[],,[],{},,,,ERROR: type dict doesn't define __round__ method,479.1,0.0
V53_Q_005134_Q2,[],,[],{},,,,ERROR: type dict doesn't define __round__ method,479.45,0.0
V53_Q_005134_Q3,[],,[],{},,,,ERROR: type dict doesn't define __round__ method,371.81,0.0
V53_Q_005134_Q4,[],retrieve_synthesize_execute,[],{},,,,,340.45,0.0
V53_Q_005134_Q5,[],,[],{},,,,ERROR: type dict doesn't define __round__ method,368.89,0.0
V53_Q_005135_Q1,[],,[],{},,,,ERROR: type dict doesn't define __round__ method,511.67,0.0
V53_Q_005135_Q2,[],,[],{},,,,ERROR: type dict doesn't define __round__ method,457.44,0.0
V53_Q_005135_Q3,[],,[],{},,,,ERROR: type dict doesn't define __round__ method,560.33,0.0
V53_Q_005135_Q4,[],,[],{},,,,ERROR: type dict doesn't define __round__ method,516.88,0.0
V53_Q_005135_Q5,[],,[],{},,,,ERROR: type dict doesn't define __round__ method,389.25,0.0
V53_Q_005136_Q1,[],,[],{},,,,ERROR: type dict doesn't define __round__ method,550.31,0.0
V53_Q_005136_Q2,[],,[],{},,,,ERROR: type dict doesn't define __round__ method,611.83,0.0
V53_Q_005136_Q3,[],,[],{},,,,ERROR: type dict doesn't define __round__ method,525.49,0.0
V53_Q_005136_Q4,[],,[],{},,,,ERROR: type dict doesn't define __round__ method,399.93,0.0
V53_Q_005136_Q5,[],,[],{},,,,ERROR: type dict doesn't define __round__ method,382.62,0.0
V53_Q_005137_Q1,[],,[],{},,,,ERROR: type dict doesn't define __round__ method,330.59,0.0
V53_Q_005137_Q2,[],,[],{},,,,ERROR: type dict doesn't define __round__ method,324.5,0.0
V53_Q_005137_Q3,[],,[],{},,,,ERROR: type dict doesn't define __round__ method,330.21,0.0
V53_Q_005137_Q4,[],,[],{},,,,ERROR: type dict doesn't define __round__ method,331.43,0.0
V53_Q_005137_Q5,[],,[],{},,,,ERROR: type dict doesn't define __round__ method,338.36,0.0
V53_Q_005138_Q1,[],,[],{},,,,ERROR: type dict doesn't define __round__ method,337.93,0.0
V53_Q_005138_Q2,[],,[],{},,,,ERROR: type dict doesn't define __round__ method,325.76,0.0
V53_Q_005138_Q3,[],,[],{},,,,ERROR: type dict doesn't define __round__ method,334.55,0.0
V53_Q_005138_Q4,[],,[],{},,,,ERROR: type dict doesn't define __round__ method,359.57,0.0
V53_Q_005138_Q5,[],,[],{},,,,ERROR: type dict doesn't define __round__ method,376.87,0.0
V53_Q_005139_Q1,[],,[],{},,,,ERROR: type dict doesn't define __round__ method,326.64,0.0
V53_Q_005139_Q2,[],,[],{},,,,ERROR: type dict doesn't define __round__ method,334.88,0.0
V53_Q_005139_Q3,[],,[],{},,,,ERROR: type dict doesn't define __round__ method,340.78,0.0
V53_Q_005139_Q4,[],retrieve_synthesize_execute,[],{},,,,,330.16,0.0
V53_Q_005139_Q5,[],,[],{},,,,ERROR: type dict doesn't define __round__ method,362.34,0.0
V53_Q_005140_Q1,[],,[],{},,,,ERROR: type dict doesn't define __round__ method,343.22,0.0
V53_Q_005140_Q2,[],,[],{},,,,ERROR: type dict doesn't define __round__ method,339.4,0.0
V53_Q_005140_Q3,[],,[],{},,,,ERROR: type dict doesn't define __round__ method,324.3,0.0
V53_Q_005140_Q4,[],,[],{},,,,ERROR: type dict doesn't define __round__ method,332.3,0.0
V53_Q_005140_Q5,[],,[],{},,,,ERROR: type dict doesn't define __round__ method,656.15,0.0
V53_Q_005141_Q1,[],,[],{},,,,ERROR: type dict doesn't define __round__ method,326.35,0.0
V53_Q_005141_Q2,[],,[],{},,,,ERROR: type dict doesn't define __round__ method,332.4,0.0
V53_Q_005141_Q3,[],,[],{},,,,ERROR: type dict doesn't define __round__ method,328.7,0.0
V53_Q_005141_Q4,[],,[],{},,,,ERROR: type dict doesn't define __round__ method,323.13,0.0
V53_Q_005141_Q5,[],,[],{},,,,ERROR: type dict doesn't define __round__ method,330.57,0.0
V53_Q_005142_Q1,[],,[],{},,,,ERROR: type dict doesn't define __round__ method,337.84,0.0
V53_Q_005142_Q2,[],,[],{},,,,ERROR: type dict doesn't define __round__ method,350.51,0.0
V53_Q_005142_Q3,[],,[],{},,,,ERROR: type dict doesn't define __round__ method,164.22,0.0
V53_Q_005142_Q4,[],,[],{},,,,ERROR: type dict doesn't define __round__ method,159.75,0.0
V53_Q_005142_Q5,[],,[],{},,,,ERROR: type dict doesn't define __round__ method,224.55,0.0
V53_Q_005143_Q1,[],,[],{},,,,ERROR: type dict doesn't define __round__ method,289.84,0.0
V53_Q_005143_Q2,[],,[],{},,,,ERROR: type dict doesn't define __round__ method,176.54,0.0
V53_Q_005143_Q3,[],,[],{},,,,ERROR: type dict doesn't define __round__ method,250.3,0.0
V53_Q_005143_Q4,[],,[],{},,,,ERROR: type dict doesn't define __round__ method,293.61,0.0
V53_Q_005143_Q5,[],,[],{},,,,ERROR: type dict doesn't define __round__ method,235.74,0.0
V53_Q_005144_Q1,[],,[],{},,,,ERROR: type dict doesn't define __round__ method,232.47,0.0
V53_Q_005144_Q2,[],,[],{},,,,ERROR: type dict doesn't define __round__ method,290.45,0.0
V53_Q_005144_Q3,[],,[],{},,,,ERROR: type dict doesn't define __round__ method,273.27,0.0
V53_Q_005144_Q4,[],,[],{},,,,ERROR: type dict doesn't define __round__ method,266.9,0.0
V53_Q_005144_Q5,[],,[],{},,,,ERROR: type dict doesn't define __round__ method,243.01,0.0
V53_Q_005145_Q1,[],,[],{},,,,ERROR: type dict doesn't define __round__ method,253.38,0.0
V53_Q_005145_Q2,[],,[],{},,,,ERROR: type dict doesn't define __round__ method,200.01,0.0
V53_Q_005145_Q3,[],,[],{},,,,ERROR: type dict doesn't define __round__ method,285.75,0.0
V53_Q_005145_Q4,[],retrieve_synthesize_execute,[],{},,,,,181.78,0.0
V53_Q_005145_Q5,[],,[],{},,,,ERROR: type dict doesn't define __round__ method,278.59,0.0
V53_Q_005146_Q1,[],,[],{},,,,ERROR: type dict doesn't define __round__ method,307.29,0.0
V53_Q_005146_Q2,[],retrieve_synthesize_execute,[],{},,,,,263.25,0.0
V53_Q_005146_Q3,[],,[],{},,,,ERROR: type dict doesn't define __round__ method,221.25,0.0
V53_Q_005146_Q4,[],retrieve_synthesize_execute,[],{},,,,,212.2,0.0
V53_Q_005146_Q5,[],retrieve_synthesize_execute,[],{},,,,,182.77,0.0
V53_Q_005147_Q1,[],,[],{},,,,ERROR: type dict doesn't define __round__ method,257.31,0.0
V53_Q_005147_Q2,[],retrieve_synthesize_execute,[],{},,,,,195.66,0.0
V53_Q_005147_Q3,[],,[],{},,,,ERROR: type dict doesn't define __round__ method,186.86,0.0
V53_Q_005147_Q4,[],retrieve_synthesize_execute,[],{},,,,,176.48,0.0
V53_Q_005147_Q5,[],retrieve_synthesize_execute,[],{},,,,,156.88,0.0
V53_Q_005148_Q1,[],,[],{},,,,ERROR: type dict doesn't define __round__ method,201.02,0.0
V53_Q_005148_Q2,[],,[],{},,,,ERROR: type dict doesn't define __round__ method,176.92,0.0
V53_Q_005148_Q3,[],,[],{},,,,ERROR: type dict doesn't define __round__ method,169.76,0.0
V53_Q_005148_Q4,[],,[],{},,,,ERROR: type dict doesn't define __round__ method,164.83,0.0
V53_Q_005148_Q5,[],,[],{},,,,ERROR: type dict doesn't define __round__ method,213.43,0.0
V53_Q_005149_Q1,[],,[],{},,,,ERROR: type dict doesn't define __round__ method,325.36,0.0
V53_Q_005149_Q2,[],,[],{},,,,ERROR: type dict doesn't define __round__ method,228.22,0.0
V53_Q_005149_Q3,[],,[],{},,,,ERROR: type dict doesn't define __round__ method,356.41,0.0
V53_Q_005149_Q4,[],,[],{},,,,ERROR: type dict doesn't define __round__ method,725.71,0.0
V53_Q_005149_Q5,[],,[],{},,,,ERROR: type dict doesn't define __round__ method,285.47,0.0
V53_Q_005150_Q1,[],,[],{},,,,ERROR: type dict doesn't define __round__ method,266.45,0.0
V53_Q_005150_Q2,[],,[],{},,,,ERROR: type dict doesn't define __round__ method,426.42,0.0
V53_Q_005150_Q3,[],,[],{},,,,ERROR: type dict doesn't define __round__ method,467.98,0.0
V53_Q_005150_Q4,[],retrieve_synthesize_execute,[],{},,,,,256.45,0.0
V53_Q_005150_Q5,[],,[],{},,,,ERROR: type dict doesn't define __round__ method,248.09,0.0
V53_Q_005151_Q1,[],,[],{},,,,ERROR: type dict doesn't define __round__ method,205.13,0.0
V53_Q_005151_Q2,[],,[],{},,,,ERROR: type dict doesn't define __round__ method,183.29,0.0
V53_Q_005151_Q3,[],,[],{},,,,ERROR: type dict doesn't define __round__ method,268.18,0.0
V53_Q_005151_Q4,[],,[],{},,,,ERROR: type dict doesn't define __round__ method,244.67,0.0
V53_Q_005151_Q5,[],,[],{},,,,ERROR: type dict doesn't define __round__ method,206.38,0.0
V53_Q_005152_Q1,[],,[],{},,,,ERROR: type dict doesn't define __round__ method,223.09,0.0
V53_Q_005152_Q2,[],,[],{},,,,ERROR: type dict doesn't define __round__ method,164.96,0.0
V53_Q_005152_Q3,[],,[],{},,,,ERROR: type dict doesn't define __round__ method,163.83,0.0
V53_Q_005152_Q4,[],,[],{},,,,ERROR: type dict doesn't define __round__ method,164.43,0.0
V53_Q_005152_Q5,[],,[],{},,,,ERROR: type dict doesn't define __round__ method,184.41,0.0
V53_Q_005153_Q1,[],,[],{},,,,ERROR: type dict doesn't define __round__ method,159.39,0.0
V53_Q_005153_Q2,[],,[],{},,,,ERROR: type dict doesn't define __round__ method,157.36,0.0
V53_Q_005153_Q3,[],,[],{},,,,ERROR: type dict doesn't define __round__ method,158.53,0.0
V53_Q_005153_Q4,[],,[],{},,,,ERROR: type dict doesn't define __round__ method,159.15,0.0
V53_Q_005153_Q5,[],,[],{},,,,ERROR: type dict doesn't define __round__ method,158.6,0.0
V53_Q_005154_Q1,[],,[],{},,,,ERROR: type dict doesn't define __round__ method,164.62,0.0
V53_Q_005154_Q2,[],retrieve_synthesize_execute,[],{},,,,,161.87,0.0
V53_Q_005154_Q3,[],,[],{},,,,ERROR: type dict doesn't define __round__ method,161.88,0.0
V53_Q_005154_Q4,[],,[],{},,,,ERROR: type dict doesn't define __round__ method,159.06,0.0
V53_Q_005154_Q5,[],retrieve_synthesize_execute,[],{},,,,,148.53,0.0
V53_Q_005155_Q1,[],,[],{},,,,ERROR: type dict doesn't define __round__ method,167.3,0.0
V53_Q_005155_Q2,[],,[],{},,,,ERROR: type dict doesn't define __round__ method,160.83,0.0
V53_Q_005155_Q3,[],,[],{},,,,ERROR: type dict doesn't define __round__ method,161.08,0.0
V53_Q_005155_Q4,[],retrieve_synthesize_execute,[],{},,,,,168.7,0.0
V53_Q_005155_Q5,[],retrieve_synthesize_execute,[],{},,,,,145.67,0.0
V53_Q_005156_Q1,[],,[],{},,,,ERROR: type dict doesn't define __round__ method,159.23,0.0
V53_Q_005156_Q2,[],retrieve_synthesize_execute,[],{},,,,,147.1,0.0
V53_Q_005156_Q3,[],,[],{},,,,ERROR: type dict doesn't define __round__ method,160.77,0.0
V53_Q_005156_Q4,[],retrieve_synthesize_execute,[],{},,,,,146.48,0.0
V53_Q_005156_Q5,[],retrieve_synthesize_execute,[],{},,,,,148.88,0.0
V53_Q_005157_Q1,[],,[],{},,,,ERROR: type dict doesn't define __round__ method,176.5,0.0
V53_Q_005157_Q2,[],,[],{},,,,ERROR: type dict doesn't define __round__ method,165.16,0.0
V53_Q_005157_Q3,[],,[],{},,,,ERROR: type dict doesn't define __round__ method,168.38,0.0
V53_Q_005157_Q4,[],,[],{},,,,ERROR: type dict doesn't define __round__ method,165.73,0.0
V53_Q_005157_Q5,[],,[],{},,,,ERROR: type dict doesn't define __round__ method,162.46,0.0
V53_Q_005158_Q1,[],,[],{},,,,ERROR: type dict doesn't define __round__ method,164.68,0.0
V53_Q_005158_Q2,[],,[],{},,,,ERROR: type dict doesn't define __round__ method,158.8,0.0
V53_Q_005158_Q3,[],,[],{},,,,ERROR: type dict doesn't define __round__ method,176.67,0.0
V53_Q_005158_Q4,[],,[],{},,,,ERROR: type dict doesn't define __round__ method,165.93,0.0
V53_Q_005158_Q5,[],,[],{},,,,ERROR: type dict doesn't define __round__ method,163.56,0.0
V53_Q_005159_Q1,[],,[],{},,,,ERROR: type dict doesn't define __round__ method,172.1,0.0
V53_Q_005159_Q2,[],,[],{},,,,ERROR: type dict doesn't define __round__ method,161.73,0.0
V53_Q_005159_Q3,[],,[],{},,,,ERROR: type dict doesn't define __round__ method,164.07,0.0
V53_Q_005159_Q4,[],,[],{},,,,ERROR: type dict doesn't define __round__ method,189.12,0.0
V53_Q_005159_Q5,[],,[],{},,,,ERROR: type dict doesn't define __round__ method,163.4,0.0
V53_Q_005160_Q1,[],,[],{},,,,ERROR: type dict doesn't define __round__ method,170.9,0.0
V53_Q_005160_Q2,[],,[],{},,,,ERROR: type dict doesn't define __round__ method,168.56,0.0
V53_Q_005160_Q3,[],,[],{},,,,ERROR: type dict doesn't define __round__ method,162.0,0.0
V53_Q_005160_Q4,[],,[],{},,,,ERROR: type dict doesn't define __round__ method,162.6,0.0
V53_Q_005160_Q5,[],retrieve_synthesize_execute,[],{},,,,,157.78,0.0
V53_Q_005161_Q1,[],,[],{},,,,ERROR: type dict doesn't define __round__ method,181.88,0.0
V53_Q_005161_Q2,[],retrieve_synthesize_execute,[],{},,,,,150.34,0.0
V53_Q_005161_Q3,[],,[],{},,,,ERROR: type dict doesn't define __round__ method,172.02,0.0
V53_Q_005161_Q4,[],retrieve_synthesize_execute,[],{},,,,,147.38,0.0
V53_Q_005161_Q5,[],retrieve_synthesize_execute,[],{},,,,,145.68,0.0
V53_Q_005162_Q1,[],,[],{},,,,ERROR: type dict doesn't define __round__ method,163.75,0.0
V53_Q_005162_Q2,[],,[],{},,,,ERROR: type dict doesn't define __round__ method,167.92,0.0
V53_Q_005162_Q3,[],,[],{},,,,ERROR: type dict doesn't define __round__ method,192.48,0.0
V53_Q_005162_Q4,[],,[],{},,,,ERROR: type dict doesn't define __round__ method,163.29,0.0
V53_Q_005162_Q5,[],retrieve_synthesize_execute,[],{},,,,,147.19,0.0
V53_Q_005163_Q1,[],,[],{},,,,ERROR: type dict doesn't define __round__ method,175.13,0.0
V53_Q_005163_Q2,[],,[],{},,,,ERROR: type dict doesn't define __round__ method,222.85,0.0
V53_Q_005163_Q3,[],,[],{},,,,ERROR: type dict doesn't define __round__ method,185.7,0.0
V53_Q_005163_Q4,[],,[],{},,,,ERROR: type dict doesn't define __round__ method,203.91,0.0
V53_Q_005163_Q5,[],,[],{},,,,ERROR: type dict doesn't define __round__ method,268.73,0.0
V53_Q_005164_Q1,[],,[],{},,,,ERROR: type dict doesn't define __round__ method,247.01,0.0
V53_Q_005164_Q2,[],,[],{},,,,ERROR: type dict doesn't define __round__ method,230.83,0.0
V53_Q_005164_Q3,[],,[],{},,,,ERROR: type dict doesn't define __round__ method,222.98,0.0
V53_Q_005164_Q4,[],,[],{},,,,ERROR: type dict doesn't define __round__ method,232.28,0.0
V53_Q_005164_Q5,[],retrieve_synthesize_execute,[],{},,,,,205.03,0.0
V53_Q_005165_Q1,[],,[],{},,,,ERROR: type dict doesn't define __round__ method,263.12,0.0
V53_Q_005165_Q2,[],,[],{},,,,ERROR: type dict doesn't define __round__ method,233.73,0.0
V53_Q_005165_Q3,[],,[],{},,,,ERROR: type dict doesn't define __round__ method,220.98,0.0
V53_Q_005165_Q4,[],,[],{},,,,ERROR: type dict doesn't define __round__ method,207.63,0.0
V53_Q_005165_Q5,[],,[],{},,,,ERROR: type dict doesn't define __round__ method,292.74,0.0
V53_Q_005166_Q1,[],,[],{},,,,ERROR: type dict doesn't define __round__ method,237.58,0.0
V53_Q_005166_Q2,[],,[],{},,,,ERROR: type dict doesn't define __round__ method,201.15,0.0
V53_Q_005166_Q3,[],,[],{},,,,ERROR: type dict doesn't define __round__ method,248.72,0.0
V53_Q_005166_Q4,[],retrieve_synthesize_execute,[],{},,,,,211.15,0.0
V53_Q_005166_Q5,[],,[],{},,,,ERROR: type dict doesn't define __round__ method,266.76,0.0
V53_Q_005167_Q1,[],,[],{},,,,ERROR: type dict doesn't define __round__ method,274.51,0.0
V53_Q_005167_Q2,[],,[],{},,,,ERROR: type dict doesn't define __round__ method,251.33,0.0
V53_Q_005167_Q3,[],,[],{},,,,ERROR: type dict doesn't define __round__ method,243.51,0.0
V53_Q_005167_Q4,[],,[],{},,,,ERROR: type dict doesn't define __round__ method,248.89,0.0
V53_Q_005167_Q5,[],,[],{},,,,ERROR: type dict doesn't define __round__ method,270.13,0.0
V53_Q_005168_Q1,[],,[],{},,,,ERROR: type dict doesn't define __round__ method,247.89,0.0
V53_Q_005168_Q2,[],,[],{},,,,ERROR: type dict doesn't define __round__ method,176.73,0.0
V53_Q_005168_Q3,[],,[],{},,,,ERROR: type dict doesn't define __round__ method,166.36,0.0
V53_Q_005168_Q4,[],,[],{},,,,ERROR: type dict doesn't define __round__ method,290.64,0.0
V53_Q_005168_Q5,[],,[],{},,,,ERROR: type dict doesn't define __round__ method,224.74,0.0
V53_Q_005169_Q1,[],,[],{},,,,ERROR: type dict doesn't define __round__ method,194.9,0.0
V53_Q_005169_Q2,[],,[],{},,,,ERROR: type dict doesn't define __round__ method,285.45,0.0
V53_Q_005169_Q3,[],,[],{},,,,ERROR: type dict doesn't define __round__ method,295.91,0.0
V53_Q_005169_Q4,[],,[],{},,,,ERROR: type dict doesn't define __round__ method,367.77,0.0
V53_Q_005169_Q5,[],,[],{},,,,ERROR: type dict doesn't define __round__ method,247.86,0.0
V53_Q_005170_Q1,[],,[],{},,,,ERROR: type dict doesn't define __round__ method,234.71,0.0
V53_Q_005170_Q2,[],,[],{},,,,ERROR: type dict doesn't define __round__ method,185.15,0.0
V53_Q_005170_Q3,[],,[],{},,,,ERROR: type dict doesn't define __round__ method,214.79,0.0
V53_Q_005170_Q4,[],,[],{},,,,ERROR: type dict doesn't define __round__ method,206.67,0.0
V53_Q_005170_Q5,[],,[],{},,,,ERROR: type dict doesn't define __round__ method,164.63,0.0
V53_Q_005171_Q1,[],,[],{},,,,ERROR: type dict doesn't define __round__ method,312.54,0.0
V53_Q_005171_Q2,[],,[],{},,,,ERROR: type dict doesn't define __round__ method,179.86,0.0
V53_Q_005171_Q3,[],,[],{},,,,ERROR: type dict doesn't define __round__ method,184.69,0.0
V53_Q_005171_Q4,[],,[],{},,,,ERROR: type dict doesn't define __round__ method,377.86,0.0
V53_Q_005171_Q5,[],,[],{},,,,ERROR: type dict doesn't define __round__ method,241.71,0.0
V53_Q_005172_Q1,[],,[],{},,,,ERROR: type dict doesn't define __round__ method,175.84,0.0
V53_Q_005172_Q2,[],,[],{},,,,ERROR: type dict doesn't define __round__ method,160.54,0.0
V53_Q_005172_Q3,[],,[],{},,,,ERROR: type dict doesn't define __round__ method,165.16,0.0
V53_Q_005172_Q4,[],,[],{},,,,ERROR: type dict doesn't define __round__ method,160.38,0.0
V53_Q_005172_Q5,[],,[],{},,,,ERROR: type dict doesn't define __round__ method,160.42,0.0
V53_Q_005173_Q1,[],,[],{},,,,ERROR: type dict doesn't define __round__ method,183.39,0.0
V53_Q_005173_Q2,[],,[],{},,,,ERROR: type dict doesn't define __round__ method,160.15,0.0
V53_Q_005173_Q3,[],,[],{},,,,ERROR: type dict doesn't define __round__ method,160.68,0.0
V53_Q_005173_Q4,[],retrieve_synthesize_execute,[],{},,,,,145.99,0.0
V53_Q_005173_Q5,[],retrieve_synthesize_execute,[],{},,,,,148.7,0.0
V53_Q_005174_Q1,[],,[],{},,,,ERROR: type dict doesn't define __round__ method,160.45,0.0
V53_Q_005174_Q2,[],retrieve_synthesize_execute,[],{},,,,,146.95,0.0
V53_Q_005174_Q3,[],,[],{},,,,ERROR: type dict doesn't define __round__ method,186.42,0.0
V53_Q_005174_Q4,[],retrieve_synthesize_execute,[],{},,,,,148.63,0.0
V53_Q_005174_Q5,[],,[],{},,,,ERROR: type dict doesn't define __round__ method,162.06,0.0
V53_Q_005175_Q1,[],,[],{},,,,ERROR: type dict doesn't define __round__ method,168.86,0.0
V53_Q_005175_Q2,[],retrieve_synthesize_execute,[],{},,,,,148.39,0.0
V53_Q_005175_Q3,[],,[],{},,,,ERROR: type dict doesn't define __round__ method,164.54,0.0
V53_Q_005175_Q4,[],,[],{},,,,ERROR: type dict doesn't define __round__ method,167.07,0.0
V53_Q_005175_Q5,[],,[],{},,,,ERROR: type dict doesn't define __round__ method,181.4,0.0
V53_Q_005176_Q1,[],,[],{},,,,ERROR: type dict doesn't define __round__ method,167.62,0.0
V53_Q_005176_Q2,[],,[],{},,,,ERROR: type dict doesn't define __round__ method,172.33,0.0
V53_Q_005176_Q3,[],,[],{},,,,ERROR: type dict doesn't define __round__ method,174.0,0.0
V53_Q_005176_Q4,[],retrieve_synthesize_execute,[],{},,,,,152.84,0.0
V53_Q_005176_Q5,[],retrieve_synthesize_execute,[],{},,,,,149.63,0.0
V53_Q_005177_Q1,[],,[],{},,,,ERROR: type dict doesn't define __round__ method,198.27,0.0
V53_Q_005177_Q2,[],,[],{},,,,ERROR: type dict doesn't define __round__ method,178.5,0.0
V53_Q_005177_Q3,[],,[],{},,,,ERROR: type dict doesn't define __round__ method,174.03,0.0
V53_Q_005177_Q4,[],retrieve_synthesize_execute,[],{},,,,,154.74,0.0
V53_Q_005177_Q5,[],,[],{},,,,ERROR: type dict doesn't define __round__ method,165.75,0.0
V53_Q_005178_Q1,[],,[],{},,,,ERROR: type dict doesn't define __round__ method,168.11,0.0
V53_Q_005178_Q2,[],,[],{},,,,ERROR: type dict doesn't define __round__ method,173.58,0.0
V53_Q_005178_Q3,[],,[],{},,,,ERROR: type dict doesn't define __round__ method,202.48,0.0
V53_Q_005178_Q4,[],,[],{},,,,ERROR: type dict doesn't define __round__ method,178.23,0.0
V53_Q_005178_Q5,[],,[],{},,,,ERROR: type dict doesn't define __round__ method,164.51,0.0
V53_Q_005179_Q1,[],,[],{},,,,ERROR: type dict doesn't define __round__ method,161.97,0.0
V53_Q_005179_Q2,[],,[],{},,,,ERROR: type dict doesn't define __round__ method,162.74,0.0
V53_Q_005179_Q3,[],,[],{},,,,ERROR: type dict doesn't define __round__ method,164.93,0.0
V53_Q_005179_Q4,[],,[],{},,,,ERROR: type dict doesn't define __round__ method,181.1,0.0
V53_Q_005179_Q5,[],,[],{},,,,ERROR: type dict doesn't define __round__ method,163.83,0.0
V53_Q_005180_Q1,[],,[],{},,,,ERROR: type dict doesn't define __round__ method,165.79,0.0
V53_Q_005180_Q2,[],,[],{},,,,ERROR: type dict doesn't define __round__ method,162.78,0.0
V53_Q_005180_Q3,[],,[],{},,,,ERROR: type dict doesn't define __round__ method,161.02,0.0
V53_Q_005180_Q4,[],,[],{},,,,ERROR: type dict doesn't define __round__ method,161.6,0.0
V53_Q_005180_Q5,[],,[],{},,,,ERROR: type dict doesn't define __round__ method,162.28,0.0
V53_Q_005181_Q1,[],,[],{},,,,ERROR: type dict doesn't define __round__ method,182.59,0.0
V53_Q_005181_Q2,[],,[],{},,,,ERROR: type dict doesn't define __round__ method,164.85,0.0
V53_Q_005181_Q3,[],,[],{},,,,ERROR: type dict doesn't define __round__ method,162.16,0.0
V53_Q_005181_Q4,[],,[],{},,,,ERROR: type dict doesn't define __round__ method,162.07,0.0
V53_Q_005181_Q5,[],,[],{},,,,ERROR: type dict doesn't define __round__ method,163.88,0.0
V53_Q_005182_Q1,[],,[],{},,,,ERROR: type dict doesn't define __round__ method,165.88,0.0
V53_Q_005182_Q2,[],,[],{},,,,ERROR: type dict doesn't define __round__ method,162.46,0.0
V53_Q_005182_Q3,[],,[],{},,,,ERROR: type dict doesn't define __round__ method,185.63,0.0
V53_Q_005182_Q4,[],,[],{},,,,ERROR: type dict doesn't define __round__ method,162.16,0.0
V53_Q_005182_Q5,[],,[],{},,,,ERROR: type dict doesn't define __round__ method,161.79,0.0
V53_Q_005183_Q1,[],,[],{},,,,ERROR: type dict doesn't define __round__ method,161.49,0.0
V53_Q_005183_Q2,[],,[],{},,,,ERROR: type dict doesn't define __round__ method,220.09,0.0
V53_Q_005183_Q3,[],,[],{},,,,ERROR: type dict doesn't define __round__ method,225.86,0.0
V53_Q_005183_Q4,[],,[],{},,,,ERROR: type dict doesn't define __round__ method,256.7,0.0
V53_Q_005183_Q5,[],,[],{},,,,ERROR: type dict doesn't define __round__ method,289.28,0.0
V53_Q_005184_Q1,[],,[],{},,,,ERROR: type dict doesn't define __round__ method,221.5,0.0
V53_Q_005184_Q2,[],,[],{},,,,ERROR: type dict doesn't define __round__ method,263.41,0.0
V53_Q_005184_Q3,[],,[],{},,,,ERROR: type dict doesn't define __round__ method,195.93,0.0
V53_Q_005184_Q4,[],retrieve_synthesize_execute,[],{},,,,,184.24,0.0
V53_Q_005184_Q5,[],,[],{},,,,ERROR: type dict doesn't define __round__ method,256.27,0.0
V53_Q_005185_Q1,[],,[],{},,,,ERROR: type dict doesn't define __round__ method,282.85,0.0
V53_Q_005185_Q2,[],,[],{},,,,ERROR: type dict doesn't define __round__ method,235.57,0.0
V53_Q_005185_Q3,[],,[],{},,,,ERROR: type dict doesn't define __round__ method,286.75,0.0
V53_Q_005185_Q4,[],,[],{},,,,ERROR: type dict doesn't define __round__ method,203.27,0.0
V53_Q_005185_Q5,[],,[],{},,,,ERROR: type dict doesn't define __round__ method,277.81,0.0
V53_Q_005186_Q1,[],,[],{},,,,ERROR: type dict doesn't define __round__ method,195.6,0.0
V53_Q_005186_Q2,[],,[],{},,,,ERROR: type dict doesn't define __round__ method,182.22,0.0
V53_Q_005186_Q3,[],,[],{},,,,ERROR: type dict doesn't define __round__ method,324.63,0.0
V53_Q_005186_Q4,[],,[],{},,,,ERROR: type dict doesn't define __round__ method,227.75,0.0
V53_Q_005186_Q5,[],,[],{},,,,ERROR: type dict doesn't define __round__ method,237.8,0.0
V53_Q_005187_Q1,[],,[],{},,,,ERROR: type dict doesn't define __round__ method,196.72,0.0
V53_Q_005187_Q2,[],,[],{},,,,ERROR: type dict doesn't define __round__ method,239.78,0.0
V53_Q_005187_Q3,[],,[],{},,,,ERROR: type dict doesn't define __round__ method,282.1,0.0
V53_Q_005187_Q4,[],,[],{},,,,ERROR: type dict doesn't define __round__ method,226.05,0.0
V53_Q_005187_Q5,[],,[],{},,,,ERROR: type dict doesn't define __round__ method,192.93,0.0
V53_Q_005188_Q1,[],,[],{},,,,ERROR: type dict doesn't define __round__ method,186.61,0.0
V53_Q_005188_Q2,[],,[],{},,,,ERROR: type dict doesn't define __round__ method,191.9,0.0
V53_Q_005188_Q3,[],,[],{},,,,ERROR: type dict doesn't define __round__ method,173.93,0.0
V53_Q_005188_Q4,[],retrieve_synthesize_execute,[],{},,,,,184.23,0.0
V53_Q_005188_Q5,[],,[],{},,,,ERROR: type dict doesn't define __round__ method,253.75,0.0
V53_Q_005189_Q1,[],,[],{},,,,ERROR: type dict doesn't define __round__ method,208.93,0.0
V53_Q_005189_Q2,[],retrieve_synthesize_execute,[],{},,,,,187.32,0.0
V53_Q_005189_Q3,[],,[],{},,,,ERROR: type dict doesn't define __round__ method,200.44,0.0
V53_Q_005189_Q4,[],,[],{},,,,ERROR: type dict doesn't define __round__ method,277.36,0.0
V53_Q_005189_Q5,[],retrieve_synthesize_execute,[],{},,,,,148.36,0.0
V53_Q_005190_Q1,[],,[],{},,,,ERROR: type dict doesn't define __round__ method,166.6,0.0
V53_Q_005190_Q2,[],,[],{},,,,ERROR: type dict doesn't define __round__ method,292.29,0.0
V53_Q_005190_Q3,[],,[],{},,,,ERROR: type dict doesn't define __round__ method,270.87,0.0
V53_Q_005190_Q4,[],,[],{},,,,ERROR: type dict doesn't define __round__ method,373.93,0.0
V53_Q_005190_Q5,[],,[],{},,,,ERROR: type dict doesn't define __round__ method,282.98,0.0
V53_Q_005191_Q1,[],,[],{},,,,ERROR: type dict doesn't define __round__ method,341.72,0.0
V53_Q_005191_Q2,[],,[],{},,,,ERROR: type dict doesn't define __round__ method,324.73,0.0
V53_Q_005191_Q3,[],,[],{},,,,ERROR: type dict doesn't define __round__ method,353.94,0.0
V53_Q_005191_Q4,[],retrieve_synthesize_execute,[],{},,,,,302.56,0.0
V53_Q_005191_Q5,[],,[],{},,,,ERROR: type dict doesn't define __round__ method,256.09,0.0
V53_Q_005192_Q1,[],,[],{},,,,ERROR: type dict doesn't define __round__ method,203.11,0.0
V53_Q_005192_Q2,[],,[],{},,,,ERROR: type dict doesn't define __round__ method,183.63,0.0
V53_Q_005192_Q3,[],,[],{},,,,ERROR: type dict doesn't define __round__ method,169.58,0.0
V53_Q_005192_Q4,[],,[],{},,,,ERROR: type dict doesn't define __round__ method,162.14,0.0
V53_Q_005192_Q5,[],,[],{},,,,ERROR: type dict doesn't define __round__ method,161.53,0.0
V53_Q_005193_Q1,[],,[],{},,,,ERROR: type dict doesn't define __round__ method,184.89,0.0
V53_Q_005193_Q2,[],,[],{},,,,ERROR: type dict doesn't define __round__ method,163.24,0.0
V53_Q_005193_Q3,[],,[],{},,,,ERROR: type dict doesn't define __round__ method,165.35,0.0
V53_Q_005193_Q4,[],,[],{},,,,ERROR: type dict doesn't define __round__ method,165.38,0.0
V53_Q_005193_Q5,[],,[],{},,,,ERROR: type dict doesn't define __round__ method,164.36,0.0
V53_Q_005194_Q1,[],,[],{},,,,ERROR: type dict doesn't define __round__ method,163.92,0.0
V53_Q_005194_Q2,[],,[],{},,,,ERROR: type dict doesn't define __round__ method,184.83,0.0
V53_Q_005194_Q3,[],,[],{},,,,ERROR: type dict doesn't define __round__ method,164.34,0.0
V53_Q_005194_Q4,[],retrieve_synthesize_execute,[],{},,,,,147.84,0.0
V53_Q_005194_Q5,[],,[],{},,,,ERROR: type dict doesn't define __round__ method,163.99,0.0
V53_Q_005195_Q1,[],,[],{},,,,ERROR: type dict doesn't define __round__ method,174.07,0.0
V53_Q_005195_Q2,[],retrieve_synthesize_execute,[],{},,,,,149.28,0.0
V53_Q_005195_Q3,[],,[],{},,,,ERROR: type dict doesn't define __round__ method,162.35,0.0
V53_Q_005195_Q4,[],retrieve_synthesize_execute,[],{},,,,,182.45,0.0
V53_Q_005195_Q5,[],retrieve_synthesize_execute,[],{},,,,,165.39,0.0
V53_Q_005196_Q1,[],,[],{},,,,ERROR: type dict doesn't define __round__ method,173.85,0.0
V53_Q_005196_Q2,[],,[],{},,,,ERROR: type dict doesn't define __round__ method,172.65,0.0
V53_Q_005196_Q3,[],,[],{},,,,ERROR: type dict doesn't define __round__ method,159.04,0.0
V53_Q_005196_Q4,[],,[],{},,,,ERROR: type dict doesn't define __round__ method,159.87,0.0
V53_Q_005196_Q5,[],,[],{},,,,ERROR: type dict doesn't define __round__ method,159.12,0.0
V53_Q_005197_Q1,[],retrieve_synthesize_execute,[],{},,,,,167.09,0.0
V53_Q_005197_Q2,[],,[],{},,,,ERROR: type dict doesn't define __round__ method,160.71,0.0
V53_Q_005197_Q3,[],,[],{},,,,ERROR: type dict doesn't define __round__ method,158.72,0.0
V53_Q_005197_Q4,[],,[],{},,,,ERROR: type dict doesn't define __round__ method,159.62,0.0
V53_Q_005197_Q5,[],,[],{},,,,ERROR: type dict doesn't define __round__ method,168.5,0.0
V53_Q_005198_Q1,[],,[],{},,,,ERROR: type dict doesn't define __round__ method,162.23,0.0
V53_Q_005198_Q2,[],,[],{},,,,ERROR: type dict doesn't define __round__ method,183.88,0.0
V53_Q_005198_Q3,[],,[],{},,,,ERROR: type dict doesn't define __round__ method,159.43,0.0
V53_Q_005198_Q4,[],,[],{},,,,ERROR: type dict doesn't define __round__ method,158.89,0.0
V53_Q_005198_Q5,[],,[],{},,,,ERROR: type dict doesn't define __round__ method,162.55,0.0
V53_Q_005199_Q1,[],,[],{},,,,ERROR: type dict doesn't define __round__ method,162.17,0.0
V53_Q_005199_Q2,[],retrieve_synthesize_execute,[],{},,,,,146.78,0.0
V53_Q_005199_Q3,[],,[],{},,,,ERROR: type dict doesn't define __round__ method,164.78,0.0
V53_Q_005199_Q4,[],retrieve_synthesize_execute,[],{},,,,,164.0,0.0
V53_Q_005199_Q5,[],,[],{},,,,ERROR: type dict doesn't define __round__ method,159.28,0.0
V53_Q_005200_Q1,[],,[],{},,,,ERROR: type dict doesn't define __round__ method,161.49,0.0
V53_Q_005200_Q2,[],,[],{},,,,ERROR: type dict doesn't define __round__ method,161.18,0.0
V53_Q_005200_Q3,[],,[],{},,,,ERROR: type dict doesn't define __round__ method,159.8,0.0
V53_Q_005200_Q4,[],,[],{},,,,ERROR: type dict doesn't define __round__ method,170.0,0.0
V53_Q_005200_Q5,[],,[],{},,,,ERROR: type dict doesn't define __round__ method,193.87,0.0
V53_Q_005201_Q1,[],,[],{},,,,ERROR: type dict doesn't define __round__ method,168.1,0.0
V53_Q_005201_Q2,[],retrieve_synthesize_execute,[],{},,,,,145.93,0.0
V53_Q_005201_Q3,[],,[],{},,,,ERROR: type dict doesn't define __round__ method,271.42,0.0
V53_Q_005201_Q4,[],,[],{},,,,ERROR: type dict doesn't define __round__ method,374.51,0.0
V53_Q_005201_Q5,[],retrieve_synthesize_execute,[],{},,,,,310.3,0.0
V53_Q_005202_Q1,[],,[],{},,,,ERROR: type dict doesn't define __round__ method,324.66,0.0
V53_Q_005202_Q2,[],,[],{},,,,ERROR: type dict doesn't define __round__ method,366.08,0.0
V53_Q_005202_Q3,[],,[],{},,,,ERROR: type dict doesn't define __round__ method,391.81,0.0
V53_Q_005202_Q4,[],retrieve_synthesize_execute,[],{},,,,,380.56,0.0
V53_Q_005202_Q5,[],,[],{},,,,ERROR: type dict doesn't define __round__ method,545.2,0.0
V53_Q_005203_Q1,[],,[],{},,,,ERROR: type dict doesn't define __round__ method,468.66,0.0
V53_Q_005203_Q2,[],retrieve_synthesize_execute,[],{},,,,,357.65,0.0
V53_Q_005203_Q3,[],,[],{},,,,ERROR: type dict doesn't define __round__ method,353.89,0.0
V53_Q_005203_Q4,[],,[],{},,,,ERROR: type dict doesn't define __round__ method,522.65,0.0
V53_Q_005203_Q5,[],retrieve_synthesize_execute,[],{},,,,,412.4,0.0
V53_Q_005204_Q1,[],,[],{},,,,ERROR: type dict doesn't define __round__ method,485.19,0.0
V53_Q_005204_Q2,[],,[],{},,,,ERROR: type dict doesn't define __round__ method,484.77,0.0
V53_Q_005204_Q3,[],,[],{},,,,ERROR: type dict doesn't define __round__ method,595.52,0.0
V53_Q_005204_Q4,[],retrieve_synthesize_execute,[],{},,,,,405.35,0.0
V53_Q_005204_Q5,[],,[],{},,,,ERROR: type dict doesn't define __round__ method,382.78,0.0
V53_Q_005205_Q1,[],,[],{},,,,ERROR: type dict doesn't define __round__ method,363.14,0.0
V53_Q_005205_Q2,[],retrieve_synthesize_execute,[],{},,,,,383.71,0.0
V53_Q_005205_Q3,[],,[],{},,,,ERROR: type dict doesn't define __round__ method,504.13,0.0
V53_Q_005205_Q4,[],,[],{},,,,ERROR: type dict doesn't define __round__ method,622.88,0.0
V53_Q_005205_Q5,[],retrieve_synthesize_execute,[],{},,,,,637.89,0.0
V53_Q_005206_Q1,[],,[],{},,,,ERROR: type dict doesn't define __round__ method,582.78,0.0
V53_Q_005206_Q2,[],,[],{},,,,ERROR: type dict doesn't define __round__ method,418.33,0.0
V53_Q_005206_Q3,[],,[],{},,,,ERROR: type dict doesn't define __round__ method,421.09,0.0
V53_Q_005206_Q4,[],,[],{},,,,ERROR: type dict doesn't define __round__ method,385.41,0.0
V53_Q_005206_Q5,[],,[],{},,,,ERROR: type dict doesn't define __round__ method,465.65,0.0
V53_Q_005207_Q1,[],,[],{},,,,ERROR: type dict doesn't define __round__ method,554.63,0.0
V53_Q_005207_Q2,[],,[],{},,,,ERROR: type dict doesn't define __round__ method,468.64,0.0
V53_Q_005207_Q3,[],,[],{},,,,ERROR: type dict doesn't define __round__ method,383.26,0.0
V53_Q_005207_Q4,[],,[],{},,,,ERROR: type dict doesn't define __round__ method,339.01,0.0
V53_Q_005207_Q5,[],,[],{},,,,ERROR: type dict doesn't define __round__ method,324.08,0.0
V53_Q_005208_Q1,[],,[],{},,,,ERROR: type dict doesn't define __round__ method,317.01,0.0
V53_Q_005208_Q2,[],,[],{},,,,ERROR: type dict doesn't define __round__ method,323.04,0.0
V53_Q_005208_Q3,[],,[],{},,,,ERROR: type dict doesn't define __round__ method,319.86,0.0
V53_Q_005208_Q4,[],,[],{},,,,ERROR: type dict doesn't define __round__ method,327.89,0.0
V53_Q_005208_Q5,[],,[],{},,,,ERROR: type dict doesn't define __round__ method,366.53,0.0
V53_Q_005209_Q1,[],,[],{},,,,ERROR: type dict doesn't define __round__ method,361.5,0.0
V53_Q_005209_Q2,[],retrieve_synthesize_execute,[],{},,,,,351.6,0.0
V53_Q_005209_Q3,[],,[],{},,,,ERROR: type dict doesn't define __round__ method,324.76,0.0
V53_Q_005209_Q4,[],,[],{},,,,ERROR: type dict doesn't define __round__ method,327.67,0.0
V53_Q_005209_Q5,[],,[],{},,,,ERROR: type dict doesn't define __round__ method,324.06,0.0
V53_Q_005210_Q1,[],,[],{},,,,ERROR: type dict doesn't define __round__ method,347.55,0.0
V53_Q_005210_Q2,[],,[],{},,,,ERROR: type dict doesn't define __round__ method,324.29,0.0
V53_Q_005210_Q3,[],,[],{},,,,ERROR: type dict doesn't define __round__ method,336.34,0.0
V53_Q_005210_Q4,[],retrieve_synthesize_execute,[],{},,,,,312.36,0.0
V53_Q_005210_Q5,[],,[],{},,,,ERROR: type dict doesn't define __round__ method,328.43,0.0
V53_Q_005211_Q1,[],,[],{},,,,ERROR: type dict doesn't define __round__ method,354.95,0.0
V53_Q_005211_Q2,[],,[],{},,,,ERROR: type dict doesn't define __round__ method,363.78,0.0
V53_Q_005211_Q3,[],,[],{},,,,ERROR: type dict doesn't define __round__ method,340.13,0.0
V53_Q_005211_Q4,[],,[],{},,,,ERROR: type dict doesn't define __round__ method,337.84,0.0
V53_Q_005211_Q5,[],,[],{},,,,ERROR: type dict doesn't define __round__ method,411.53,0.0
V53_Q_005212_Q1,[],,[],{},,,,ERROR: type dict doesn't define __round__ method,396.42,0.0
V53_Q_005212_Q2,[],retrieve_synthesize_execute,[],{},,,,,362.4,0.0
V53_Q_005212_Q3,[],,[],{},,,,ERROR: type dict doesn't define __round__ method,370.04,0.0
V53_Q_005212_Q4,[],retrieve_synthesize_execute,[],{},,,,,322.29,0.0
V53_Q_005212_Q5,[],retrieve_synthesize_execute,[],{},,,,,339.12,0.0
V53_Q_005213_Q1,[],,[],{},,,,ERROR: type dict doesn't define __round__ method,419.84,0.0
V53_Q_005213_Q2,[],,[],{},,,,ERROR: type dict doesn't define __round__ method,488.05,0.0
V53_Q_005213_Q3,[],,[],{},,,,ERROR: type dict doesn't define __round__ method,462.83,0.0
V53_Q_005213_Q4,[],retrieve_synthesize_execute,[],{},,,,,473.44,0.0
V53_Q_005213_Q5,[],retrieve_synthesize_execute,[],{},,,,,458.33,0.0
V53_Q_005214_Q1,[],,[],{},,,,ERROR: type dict doesn't define __round__ method,536.03,0.0
V53_Q_005214_Q2,[],retrieve_synthesize_execute,[],{},,,,,740.5,0.0
V53_Q_005214_Q3,[],,[],{},,,,ERROR: type dict doesn't define __round__ method,493.44,0.0
V53_Q_005214_Q4,[],,[],{},,,,ERROR: type dict doesn't define __round__ method,461.41,0.0
V53_Q_005214_Q5,[],retrieve_synthesize_execute,[],{},,,,,355.29,0.0
V53_Q_005215_Q1,[],,[],{},,,,ERROR: type dict doesn't define __round__ method,370.72,0.0
V53_Q_005215_Q2,[],,[],{},,,,ERROR: type dict doesn't define __round__ method,375.8,0.0
V53_Q_005215_Q3,[],,[],{},,,,ERROR: type dict doesn't define __round__ method,471.72,0.0
V53_Q_005215_Q4,[],retrieve_synthesize_execute,[],{},,,,,447.4,0.0
V53_Q_005215_Q5,[],,[],{},,,,ERROR: type dict doesn't define __round__ method,650.56,0.0
V53_Q_005216_Q1,[],,[],{},,,,ERROR: type dict doesn't define __round__ method,475.06,0.0
V53_Q_005216_Q2,[],,[],{},,,,ERROR: type dict doesn't define __round__ method,376.93,0.0
V53_Q_005216_Q3,[],,[],{},,,,ERROR: type dict doesn't define __round__ method,503.98,0.0
V53_Q_005216_Q4,[],retrieve_synthesize_execute,[],{},,,,,423.72,0.0
V53_Q_005216_Q5,[],,[],{},,,,ERROR: type dict doesn't define __round__ method,487.5,0.0
V53_Q_005217_Q1,[],,[],{},,,,ERROR: type dict doesn't define __round__ method,426.13,0.0
V53_Q_005217_Q2,[],,[],{},,,,ERROR: type dict doesn't define __round__ method,427.55,0.0
V53_Q_005217_Q3,[],,[],{},,,,ERROR: type dict doesn't define __round__ method,341.7,0.0
V53_Q_005217_Q4,[],,[],{},,,,ERROR: type dict doesn't define __round__ method,330.41,0.0
V53_Q_005217_Q5,[],,[],{},,,,ERROR: type dict doesn't define __round__ method,326.68,0.0
V53_Q_005218_Q1,[],,[],{},,,,ERROR: type dict doesn't define __round__ method,344.31,0.0
V53_Q_005218_Q2,[],,[],{},,,,ERROR: type dict doesn't define __round__ method,329.0,0.0
V53_Q_005218_Q3,[],,[],{},,,,ERROR: type dict doesn't define __round__ method,342.03,0.0
V53_Q_005218_Q4,[],,[],{},,,,ERROR: type dict doesn't define __round__ method,409.69,0.0
V53_Q_005218_Q5,[],,[],{},,,,ERROR: type dict doesn't define __round__ method,358.23,0.0
V53_Q_005219_Q1,[],,[],{},,,,ERROR: type dict doesn't define __round__ method,367.06,0.0
V53_Q_005219_Q2,[],retrieve_synthesize_execute,[],{},,,,,346.72,0.0
V53_Q_005219_Q3,[],,[],{},,,,ERROR: type dict doesn't define __round__ method,341.3,0.0
V53_Q_005219_Q4,[],retrieve_synthesize_execute,[],{},,,,,308.29,0.0
V53_Q_005219_Q5,[],retrieve_synthesize_execute,[],{},,,,,306.08,0.0
V53_Q_005220_Q1,[],,[],{},,,,ERROR: type dict doesn't define __round__ method,345.87,0.0
V53_Q_005220_Q2,[],,[],{},,,,ERROR: type dict doesn't define __round__ method,340.41,0.0
V53_Q_005220_Q3,[],,[],{},,,,ERROR: type dict doesn't define __round__ method,331.37,0.0
V53_Q_005220_Q4,[],,[],{},,,,ERROR: type dict doesn't define __round__ method,329.17,0.0
V53_Q_005220_Q5,[],,[],{},,,,ERROR: type dict doesn't define __round__ method,330.9,0.0
V53_Q_005221_Q1,[],,[],{},,,,ERROR: type dict doesn't define __round__ method,330.28,0.0
V53_Q_005221_Q2,[],retrieve_synthesize_execute,[],{},,,,,304.41,0.0
V53_Q_005221_Q3,[],,[],{},,,,ERROR: type dict doesn't define __round__ method,333.35,0.0
V53_Q_005221_Q4,[],,[],{},,,,ERROR: type dict doesn't define __round__ method,337.53,0.0
V53_Q_005221_Q5,[],,[],{},,,,ERROR: type dict doesn't define __round__ method,348.75,0.0
V53_Q_005222_Q1,[],,[],{},,,,ERROR: type dict doesn't define __round__ method,349.56,0.0
V53_Q_005222_Q2,[],,[],{},,,,ERROR: type dict doesn't define __round__ method,343.58,0.0
V53_Q_005222_Q3,[],,[],{},,,,ERROR: type dict doesn't define __round__ method,332.63,0.0
V53_Q_005222_Q4,[],,[],{},,,,ERROR: type dict doesn't define __round__ method,338.56,0.0
V53_Q_005222_Q5,[],,[],{},,,,ERROR: type dict doesn't define __round__ method,370.48,0.0
V53_Q_005223_Q1,[],,[],{},,,,ERROR: type dict doesn't define __round__ method,382.1,0.0
V53_Q_005223_Q2,[],,[],{},,,,ERROR: type dict doesn't define __round__ method,420.79,0.0
V53_Q_005223_Q3,[],,[],{},,,,ERROR: type dict doesn't define __round__ method,443.7,0.0
V53_Q_005223_Q4,[],retrieve_synthesize_execute,[],{},,,,,414.4,0.0
V53_Q_005223_Q5,[],retrieve_synthesize_execute,[],{},,,,,381.99,0.0
V53_Q_005224_Q1,[],,[],{},,,,ERROR: type dict doesn't define __round__ method,480.8,0.0
V53_Q_005224_Q2,[],,[],{},,,,ERROR: type dict doesn't define __round__ method,496.78,0.0
V53_Q_005224_Q3,[],,[],{},,,,ERROR: type dict doesn't define __round__ method,528.82,0.0
V53_Q_005224_Q4,[],,[],{},,,,ERROR: type dict doesn't define __round__ method,429.99,0.0
V53_Q_005224_Q5,[],,[],{},,,,ERROR: type dict doesn't define __round__ method,477.0,0.0
V53_Q_005225_Q1,[],,[],{},,,,ERROR: type dict doesn't define __round__ method,466.47,0.0
V53_Q_005225_Q2,[],,[],{},,,,ERROR: type dict doesn't define __round__ method,376.77,0.0
V53_Q_005225_Q3,[],,[],{},,,,ERROR: type dict doesn't define __round__ method,367.44,0.0
V53_Q_005225_Q4,[],,[],{},,,,ERROR: type dict doesn't define __round__ method,452.63,0.0
V53_Q_005225_Q5,[],,[],{},,,,ERROR: type dict doesn't define __round__ method,425.64,0.0
V53_Q_005226_Q1,[],,[],{},,,,ERROR: type dict doesn't define __round__ method,509.3,0.0
V53_Q_005226_Q2,[],retrieve_synthesize_execute,[],{},,,,,691.91,0.0
V53_Q_005226_Q3,[],,[],{},,,,ERROR: type dict doesn't define __round__ method,497.51,0.0
V53_Q_005226_Q4,[],retrieve_synthesize_execute,[],{},,,,,556.18,0.0
V53_Q_005226_Q5,[],retrieve_synthesize_execute,[],{},,,,,430.8,0.0
V53_Q_005227_Q1,[],,[],{},,,,ERROR: type dict doesn't define __round__ method,444.75,0.0
V53_Q_005227_Q2,[],,[],{},,,,ERROR: type dict doesn't define __round__ method,442.06,0.0
V53_Q_005227_Q3,[],,[],{},,,,ERROR: type dict doesn't define __round__ method,488.66,0.0
V53_Q_005227_Q4,[],,[],{},,,,ERROR: type dict doesn't define __round__ method,540.93,0.0
V53_Q_005227_Q5,[],,[],{},,,,ERROR: type dict doesn't define __round__ method,418.07,0.0
V53_Q_005228_Q1,[],,[],{},,,,ERROR: type dict doesn't define __round__ method,337.67,0.0
V53_Q_005228_Q2,[],,[],{},,,,ERROR: type dict doesn't define __round__ method,322.9,0.0
V53_Q_005228_Q3,[],,[],{},,,,ERROR: type dict doesn't define __round__ method,320.14,0.0
V53_Q_005228_Q4,[],,[],{},,,,ERROR: type dict doesn't define __round__ method,320.86,0.0
V53_Q_005228_Q5,[],,[],{},,,,ERROR: type dict doesn't define __round__ method,334.72,0.0
V53_Q_005229_Q1,[],,[],{},,,,ERROR: type dict doesn't define __round__ method,369.85,0.0
V53_Q_005229_Q2,[],,[],{},,,,ERROR: type dict doesn't define __round__ method,370.76,0.0
V53_Q_005229_Q3,[],,[],{},,,,ERROR: type dict doesn't define __round__ method,329.18,0.0
V53_Q_005229_Q4,[],,[],{},,,,ERROR: type dict doesn't define __round__ method,333.94,0.0
V53_Q_005229_Q5,[],,[],{},,,,ERROR: type dict doesn't define __round__ method,330.86,0.0
V53_Q_005230_Q1,[],,[],{},,,,ERROR: type dict doesn't define __round__ method,327.99,0.0
V53_Q_005230_Q2,[],,[],{},,,,ERROR: type dict doesn't define __round__ method,332.92,0.0
V53_Q_005230_Q3,[],,[],{},,,,ERROR: type dict doesn't define __round__ method,331.53,0.0
V53_Q_005230_Q4,[],,[],{},,,,ERROR: type dict doesn't define __round__ method,330.9,0.0
V53_Q_005230_Q5,[],retrieve_synthesize_execute,[],{},,,,,303.78,0.0
V53_Q_005231_Q1,[],,[],{},,,,ERROR: type dict doesn't define __round__ method,346.62,0.0
V53_Q_005231_Q2,[],,[],{},,,,ERROR: type dict doesn't define __round__ method,334.84,0.0
V53_Q_005231_Q3,[],,[],{},,,,ERROR: type dict doesn't define __round__ method,335.46,0.0
V53_Q_005231_Q4,[],retrieve_synthesize_execute,[],{},,,,,303.42,0.0
V53_Q_005231_Q5,[],,[],{},,,,ERROR: type dict doesn't define __round__ method,335.03,0.0
V53_Q_005232_Q1,[],,[],{},,,,ERROR: type dict doesn't define __round__ method,333.64,0.0
V53_Q_005232_Q2,[],,[],{},,,,ERROR: type dict doesn't define __round__ method,389.02,0.0
V53_Q_005232_Q3,[],,[],{},,,,ERROR: type dict doesn't define __round__ method,353.91,0.0
V53_Q_005232_Q4,[],,[],{},,,,ERROR: type dict doesn't define __round__ method,327.41,0.0
V53_Q_005232_Q5,[],,[],{},,,,ERROR: type dict doesn't define __round__ method,365.37,0.0
V53_Q_005233_Q1,[],,[],{},,,,ERROR: type dict doesn't define __round__ method,341.13,0.0
V53_Q_005233_Q2,[],,[],{},,,,ERROR: type dict doesn't define __round__ method,351.0,0.0
V53_Q_005233_Q3,[],,[],{},,,,ERROR: type dict doesn't define __round__ method,373.57,0.0
V53_Q_005233_Q4,[],retrieve_synthesize_execute,[],{},,,,,407.79,0.0
V53_Q_005233_Q5,[],,[],{},,,,ERROR: type dict doesn't define __round__ method,374.3,0.0
V53_Q_005234_Q1,[],,[],{},,,,ERROR: type dict doesn't define __round__ method,497.62,0.0
V53_Q_005234_Q2,[],,[],{},,,,ERROR: type dict doesn't define __round__ method,439.69,0.0
V53_Q_005234_Q3,[],,[],{},,,,ERROR: type dict doesn't define __round__ method,486.47,0.0
V53_Q_005234_Q4,[],,[],{},,,,ERROR: type dict doesn't define __round__ method,483.96,0.0
V53_Q_005234_Q5,[],,[],{},,,,ERROR: type dict doesn't define __round__ method,868.38,0.0
V53_Q_005235_Q1,[],,[],{},,,,ERROR: type dict doesn't define __round__ method,506.52,0.0
V53_Q_005235_Q2,[],retrieve_synthesize_execute,[],{},,,,,443.14,0.0
V53_Q_005235_Q3,[],,[],{},,,,ERROR: type dict doesn't define __round__ method,355.69,0.0
V53_Q_005235_Q4,[],,[],{},,,,ERROR: type dict doesn't define __round__ method,404.13,0.0
V53_Q_005235_Q5,[],retrieve_synthesize_execute,[],{},,,,,361.01,0.0
V53_Q_005236_Q1,[],,[],{},,,,ERROR: type dict doesn't define __round__ method,369.66,0.0
V53_Q_005236_Q2,[],,[],{},,,,ERROR: type dict doesn't define __round__ method,441.38,0.0
V53_Q_005236_Q3,[],,[],{},,,,ERROR: type dict doesn't define __round__ method,513.74,0.0
V53_Q_005236_Q4,[],,[],{},,,,ERROR: type dict doesn't define __round__ method,623.61,0.0
V53_Q_005236_Q5,[],,[],{},,,,ERROR: type dict doesn't define __round__ method,456.98,0.0
V53_Q_005237_Q1,[],,[],{},,,,ERROR: type dict doesn't define __round__ method,533.88,0.0
V53_Q_005237_Q2,[],,[],{},,,,ERROR: type dict doesn't define __round__ method,758.74,0.0
V53_Q_005237_Q3,[],,[],{},,,,ERROR: type dict doesn't define __round__ method,534.51,0.0
V53_Q_005237_Q4,[],,[],{},,,,ERROR: type dict doesn't define __round__ method,342.16,0.0
V53_Q_005237_Q5,[],,[],{},,,,ERROR: type dict doesn't define __round__ method,327.99,0.0
V53_Q_005238_Q1,[],,[],{},,,,ERROR: type dict doesn't define __round__ method,331.69,0.0
V53_Q_005238_Q2,[],,[],{},,,,ERROR: type dict doesn't define __round__ method,335.11,0.0
V53_Q_005238_Q3,[],,[],{},,,,ERROR: type dict doesn't define __round__ method,322.84,0.0
V53_Q_005238_Q4,[],,[],{},,,,ERROR: type dict doesn't define __round__ method,325.74,0.0
V53_Q_005238_Q5,[],,[],{},,,,ERROR: type dict doesn't define __round__ method,324.47,0.0
V53_Q_005239_Q1,[],,[],{},,,,ERROR: type dict doesn't define __round__ method,339.8,0.0
V53_Q_005239_Q2,[],,[],{},,,,ERROR: type dict doesn't define __round__ method,331.23,0.0
V53_Q_005239_Q3,[],,[],{},,,,ERROR: type dict doesn't define __round__ method,328.33,0.0
V53_Q_005239_Q4,[],,[],{},,,,ERROR: type dict doesn't define __round__ method,332.85,0.0
V53_Q_005239_Q5,[],,[],{},,,,ERROR: type dict doesn't define __round__ method,333.03,0.0
V53_Q_005240_Q1,[],,[],{},,,,ERROR: type dict doesn't define __round__ method,347.53,0.0
V53_Q_005240_Q2,[],,[],{},,,,ERROR: type dict doesn't define __round__ method,358.24,0.0
V53_Q_005240_Q3,[],,[],{},,,,ERROR: type dict doesn't define __round__ method,360.89,0.0
V53_Q_005240_Q4,[],,[],{},,,,ERROR: type dict doesn't define __round__ method,345.95,0.0
V53_Q_005240_Q5,[],,[],{},,,,ERROR: type dict doesn't define __round__ method,344.75,0.0
V53_Q_005241_Q1,[],,[],{},,,,ERROR: type dict doesn't define __round__ method,344.86,0.0
V53_Q_005241_Q2,[],,[],{},,,,ERROR: type dict doesn't define __round__ method,328.92,0.0
V53_Q_005241_Q3,[],,[],{},,,,ERROR: type dict doesn't define __round__ method,339.78,0.0
V53_Q_005241_Q4,[],retrieve_synthesize_execute,[],{},,,,,309.27,0.0
V53_Q_005241_Q5,[],retrieve_synthesize_execute,[],{},,,,,303.84,0.0
V53_Q_005242_Q1,[],,[],{},,,,ERROR: type dict doesn't define __round__ method,339.68,0.0
V53_Q_005242_Q2,[],,[],{},,,,ERROR: type dict doesn't define __round__ method,326.81,0.0
V53_Q_005242_Q3,[],,[],{},,,,ERROR: type dict doesn't define __round__ method,329.17,0.0
V53_Q_005242_Q4,[],retrieve_synthesize_execute,[],{},,,,,305.05,0.0
V53_Q_005242_Q5,[],retrieve_synthesize_execute,[],{},,,,,310.98,0.0
V53_Q_005243_Q1,[],,[],{},,,,ERROR: type dict doesn't define __round__ method,356.25,0.0
V53_Q_005243_Q2,[],,[],{},,,,ERROR: type dict doesn't define __round__ method,350.25,0.0
V53_Q_005243_Q3,[],,[],{},,,,ERROR: type dict doesn't define __round__ method,500.09,0.0
V53_Q_005243_Q4,[],,[],{},,,,ERROR: type dict doesn't define __round__ method,482.85,0.0
V53_Q_005243_Q5,[],,[],{},,,,ERROR: type dict doesn't define __round__ method,438.88,0.0
V53_Q_005244_Q1,[],,[],{},,,,ERROR: type dict doesn't define __round__ method,428.82,0.0
V53_Q_005244_Q2,[],retrieve_synthesize_execute,[],{},,,,,437.62,0.0
V53_Q_005244_Q3,[],,[],{},,,,ERROR: type dict doesn't define __round__ method,462.08,0.0
V53_Q_005244_Q4,[],,[],{},,,,ERROR: type dict doesn't define __round__ method,451.22,0.0
V53_Q_005244_Q5,[],,[],{},,,,ERROR: type dict doesn't define __round__ method,542.26,0.0
V53_Q_005245_Q1,[],,[],{},,,,ERROR: type dict doesn't define __round__ method,539.12,0.0
V53_Q_005245_Q2,[],,[],{},,,,ERROR: type dict doesn't define __round__ method,521.27,0.0
V53_Q_005245_Q3,[],,[],{},,,,ERROR: type dict doesn't define __round__ method,492.18,0.0
V53_Q_005245_Q4,[],,[],{},,,,ERROR: type dict doesn't define __round__ method,391.58,0.0
V53_Q_005245_Q5,[],,[],{},,,,ERROR: type dict doesn't define __round__ method,358.53,0.0
V53_Q_005246_Q1,[],,[],{},,,,ERROR: type dict doesn't define __round__ method,360.13,0.0
V53_Q_005246_Q2,[],retrieve_synthesize_execute,[],{},,,,,433.8,0.0
V53_Q_005246_Q3,[],,[],{},,,,ERROR: type dict doesn't define __round__ method,501.81,0.0
V53_Q_005246_Q4,[],,[],{},,,,ERROR: type dict doesn't define __round__ method,685.18,0.0
V53_Q_005246_Q5,[],,[],{},,,,ERROR: type dict doesn't define __round__ method,889.78,0.0
V53_Q_005247_Q1,[],retrieve_synthesize_execute,[],{},,,,,580.86,0.0
V53_Q_005247_Q2,[],,[],{},,,,ERROR: type dict doesn't define __round__ method,427.12,0.0
V53_Q_005247_Q3,[],,[],{},,,,ERROR: type dict doesn't define __round__ method,464.58,0.0
V53_Q_005247_Q4,[],,[],{},,,,ERROR: type dict doesn't define __round__ method,376.69,0.0
V53_Q_005247_Q5,[],,[],{},,,,ERROR: type dict doesn't define __round__ method,418.55,0.0
V53_Q_005248_Q1,[],,[],{},,,,ERROR: type dict doesn't define __round__ method,350.52,0.0
V53_Q_005248_Q2,[],,[],{},,,,ERROR: type dict doesn't define __round__ method,333.98,0.0
V53_Q_005248_Q3,[],,[],{},,,,ERROR: type dict doesn't define __round__ method,327.27,0.0
V53_Q_005248_Q4,[],,[],{},,,,ERROR: type dict doesn't define __round__ method,331.76,0.0
V53_Q_005248_Q5,[],,[],{},,,,ERROR: type dict doesn't define __round__ method,349.62,0.0
V53_Q_005249_Q1,[],,[],{},,,,ERROR: type dict doesn't define __round__ method,343.64,0.0
V53_Q_005249_Q2,[],,[],{},,,,ERROR: type dict doesn't define __round__ method,352.71,0.0
V53_Q_005249_Q3,[],,[],{},,,,ERROR: type dict doesn't define __round__ method,333.45,0.0
V53_Q_005249_Q4,[],,[],{},,,,ERROR: type dict doesn't define __round__ method,334.92,0.0
V53_Q_005249_Q5,[],,[],{},,,,ERROR: type dict doesn't define __round__ method,332.72,0.0
V53_Q_005250_Q1,[],,[],{},,,,ERROR: type dict doesn't define __round__ method,337.92,0.0
V53_Q_005250_Q2,[],,[],{},,,,ERROR: type dict doesn't define __round__ method,322.35,0.0
V53_Q_005250_Q3,[],,[],{},,,,ERROR: type dict doesn't define __round__ method,322.43,0.0
V53_Q_005250_Q4,[],,[],{},,,,ERROR: type dict doesn't define __round__ method,334.98,0.0
V53_Q_005250_Q5,[],,[],{},,,,ERROR: type dict doesn't define __round__ method,333.62,0.0
V53_Q_005251_Q1,[],,[],{},,,,ERROR: type dict doesn't define __round__ method,325.52,0.0
V53_Q_005251_Q2,[],,[],{},,,,ERROR: type dict doesn't define __round__ method,327.87,0.0
V53_Q_005251_Q3,[],,[],{},,,,ERROR: type dict doesn't define __round__ method,327.47,0.0
V53_Q_005251_Q4,[],retrieve_synthesize_execute,[],{},,,,,306.15,0.0
V53_Q_005251_Q5,[],,[],{},,,,ERROR: type dict doesn't define __round__ method,333.92,0.0
V53_Q_005252_Q1,[],,[],{},,,,ERROR: type dict doesn't define __round__ method,334.63,0.0
V53_Q_005252_Q2,[],,[],{},,,,ERROR: type dict doesn't define __round__ method,326.1,0.0
V53_Q_005252_Q3,[],,[],{},,,,ERROR: type dict doesn't define __round__ method,350.88,0.0
V53_Q_005252_Q4,[],,[],{},,,,ERROR: type dict doesn't define __round__ method,337.52,0.0
V53_Q_005252_Q5,[],,[],{},,,,ERROR: type dict doesn't define __round__ method,335.21,0.0
V53_Q_005253_Q1,[],,[],{},,,,ERROR: type dict doesn't define __round__ method,337.98,0.0
V53_Q_005253_Q2,[],retrieve_synthesize_execute,[],{},,,,,307.8,0.0
V53_Q_005253_Q3,[],,[],{},,,,ERROR: type dict doesn't define __round__ method,330.38,0.0
V53_Q_005253_Q4,[],retrieve_synthesize_execute,[],{},,,,,303.39,0.0
V53_Q_005253_Q5,[],,[],{},,,,ERROR: type dict doesn't define __round__ method,415.15,0.0
V53_Q_005254_Q1,[],,[],{},,,,ERROR: type dict doesn't define __round__ method,475.72,0.0
V53_Q_005254_Q2,[],,[],{},,,,ERROR: type dict doesn't define __round__ method,412.12,0.0
V53_Q_005254_Q3,[],,[],{},,,,ERROR: type dict doesn't define __round__ method,430.17,0.0
V53_Q_005254_Q4,[],,[],{},,,,ERROR: type dict doesn't define __round__ method,500.97,0.0
V53_Q_005254_Q5,[],,[],{},,,,ERROR: type dict doesn't define __round__ method,489.25,0.0
V53_Q_005255_Q1,[],,[],{},,,,ERROR: type dict doesn't define __round__ method,462.94,0.0
V53_Q_005255_Q2,[],,[],{},,,,ERROR: type dict doesn't define __round__ method,467.99,0.0
V53_Q_005255_Q3,[],,[],{},,,,ERROR: type dict doesn't define __round__ method,446.41,0.0
V53_Q_005255_Q4,[],,[],{},,,,ERROR: type dict doesn't define __round__ method,510.02,0.0
V53_Q_005255_Q5,[],,[],{},,,,ERROR: type dict doesn't define __round__ method,387.82,0.0
V53_Q_005256_Q1,[],,[],{},,,,ERROR: type dict doesn't define __round__ method,526.62,0.0
V53_Q_005256_Q2,[],,[],{},,,,ERROR: type dict doesn't define __round__ method,363.28,0.0
V53_Q_005256_Q3,[],,[],{},,,,ERROR: type dict doesn't define __round__ method,390.18,0.0
V53_Q_005256_Q4,[],,[],{},,,,ERROR: type dict doesn't define __round__ method,433.68,0.0
V53_Q_005256_Q5,[],,[],{},,,,ERROR: type dict doesn't define __round__ method,486.79,0.0
V53_Q_005257_Q1,[],,[],{},,,,ERROR: type dict doesn't define __round__ method,495.84,0.0
V53_Q_005257_Q2,[],retrieve_synthesize_execute,[],{},,,,,639.65,0.0
V53_Q_005257_Q3,[],,[],{},,,,ERROR: type dict doesn't define __round__ method,438.29,0.0
V53_Q_005257_Q4,[],retrieve_synthesize_execute,[],{},,,,,428.66,0.0
V53_Q_005257_Q5,[],,[],{},,,,ERROR: type dict doesn't define __round__ method,762.98,0.0
V53_Q_005258_Q1,[],,[],{},,,,ERROR: type dict doesn't define __round__ method,580.36,0.0
V53_Q_005258_Q2,[],,[],{},,,,ERROR: type dict doesn't define __round__ method,353.56,0.0
V53_Q_005258_Q3,[],,[],{},,,,ERROR: type dict doesn't define __round__ method,330.51,0.0
V53_Q_005258_Q4,[],,[],{},,,,ERROR: type dict doesn't define __round__ method,330.49,0.0
V53_Q_005258_Q5,[],,[],{},,,,ERROR: type dict doesn't define __round__ method,324.56,0.0
V53_Q_005259_Q1,[],,[],{},,,,ERROR: type dict doesn't define __round__ method,329.2,0.0
V53_Q_005259_Q2,[],,[],{},,,,ERROR: type dict doesn't define __round__ method,352.23,0.0
V53_Q_005259_Q3,[],,[],{},,,,ERROR: type dict doesn't define __round__ method,325.28,0.0
V53_Q_005259_Q4,[],retrieve_synthesize_execute,[],{},,,,,304.03,0.0
V53_Q_005259_Q5,[],,[],{},,,,ERROR: type dict doesn't define __round__ method,335.75,0.0
V53_Q_005260_Q1,[],,[],{},,,,ERROR: type dict doesn't define __round__ method,351.64,0.0
V53_Q_005260_Q2,[],,[],{},,,,ERROR: type dict doesn't define __round__ method,363.82,0.0
V53_Q_005260_Q3,[],,[],{},,,,ERROR: type dict doesn't define __round__ method,358.42,0.0
V53_Q_005260_Q4,[],,[],{},,,,ERROR: type dict doesn't define __round__ method,362.28,0.0
V53_Q_005260_Q5,[],,[],{},,,,ERROR: type dict doesn't define __round__ method,360.96,0.0
V53_Q_005261_Q1,[],,[],{},,,,ERROR: type dict doesn't define __round__ method,330.75,0.0
V53_Q_005261_Q2,[],retrieve_synthesize_execute,[],{},,,,,310.37,0.0
V53_Q_005261_Q3,[],,[],{},,,,ERROR: type dict doesn't define __round__ method,339.24,0.0
V53_Q_005261_Q4,[],retrieve_synthesize_execute,[],{},,,,,301.47,0.0
V53_Q_005261_Q5,[],,[],{},,,,ERROR: type dict doesn't define __round__ method,322.28,0.0
V53_Q_005262_Q1,[],,[],{},,,,ERROR: type dict doesn't define __round__ method,360.89,0.0
V53_Q_005262_Q2,[],,[],{},,,,ERROR: type dict doesn't define __round__ method,384.43,0.0
V53_Q_005262_Q3,[],,[],{},,,,ERROR: type dict doesn't define __round__ method,336.99,0.0
V53_Q_005262_Q4,[],,[],{},,,,ERROR: type dict doesn't define __round__ method,329.59,0.0
V53_Q_005262_Q5,[],,[],{},,,,ERROR: type dict doesn't define __round__ method,330.12,0.0
V53_Q_005263_Q1,[],,[],{},,,,ERROR: type dict doesn't define __round__ method,337.5,0.0
V53_Q_005263_Q2,[],retrieve_synthesize_execute,[],{},,,,,300.7,0.0
V53_Q_005263_Q3,[],,[],{},,,,ERROR: type dict doesn't define __round__ method,324.65,0.0
V53_Q_005263_Q4,[],,[],{},,,,ERROR: type dict doesn't define __round__ method,331.36,0.0
V53_Q_005263_Q5,[],,[],{},,,,ERROR: type dict doesn't define __round__ method,453.75,0.0
V53_Q_005264_Q1,[],,[],{},,,,ERROR: type dict doesn't define __round__ method,417.92,0.0
V53_Q_005264_Q2,[],,[],{},,,,ERROR: type dict doesn't define __round__ method,411.06,0.0
V53_Q_005264_Q3,[],,[],{},,,,ERROR: type dict doesn't define __round__ method,432.17,0.0
V53_Q_005264_Q4,[],,[],{},,,,ERROR: type dict doesn't define __round__ method,493.11,0.0
V53_Q_005264_Q5,[],,[],{},,,,ERROR: type dict doesn't define __round__ method,456.35,0.0
V53_Q_005265_Q1,[],,[],{},,,,ERROR: type dict doesn't define __round__ method,442.59,0.0
V53_Q_005265_Q2,[],retrieve_synthesize_execute,[],{},,,,,352.79,0.0
V53_Q_005265_Q3,[],,[],{},,,,ERROR: type dict doesn't define __round__ method,516.86,0.0
V53_Q_005265_Q4,[],retrieve_synthesize_execute,[],{},,,,,439.14,0.0
V53_Q_005265_Q5,[],retrieve_synthesize_execute,[],{},,,,,397.88,0.0
V53_Q_005266_Q1,[],,[],{},,,,ERROR: type dict doesn't define __round__ method,449.05,0.0
V53_Q_005266_Q2,[],retrieve_synthesize_execute,[],{},,,,,407.64,0.0
V53_Q_005266_Q3,[],,[],{},,,,ERROR: type dict doesn't define __round__ method,376.45,0.0
V53_Q_005266_Q4,[],retrieve_synthesize_execute,[],{},,,,,357.62,0.0
V53_Q_005266_Q5,[],,[],{},,,,ERROR: type dict doesn't define __round__ method,340.81,0.0
V53_Q_005267_Q1,[],,[],{},,,,ERROR: type dict doesn't define __round__ method,503.61,0.0
V53_Q_005267_Q2,[],,[],{},,,,ERROR: type dict doesn't define __round__ method,459.57,0.0
V53_Q_005267_Q3,[],,[],{},,,,ERROR: type dict doesn't define __round__ method,514.66,0.0
V53_Q_005267_Q4,[],,[],{},,,,ERROR: type dict doesn't define __round__ method,672.36,0.0
V53_Q_005267_Q5,[],,[],{},,,,ERROR: type dict doesn't define __round__ method,454.55,0.0
V53_Q_005268_Q1,[],,[],{},,,,ERROR: type dict doesn't define __round__ method,433.04,0.0
V53_Q_005268_Q2,[],,[],{},,,,ERROR: type dict doesn't define __round__ method,552.15,0.0
V53_Q_005268_Q3,[],,[],{},,,,ERROR: type dict doesn't define __round__ method,521.7,0.0
V53_Q_005268_Q4,[],,[],{},,,,ERROR: type dict doesn't define __round__ method,326.84,0.0
V53_Q_005268_Q5,[],,[],{},,,,ERROR: type dict doesn't define __round__ method,327.43,0.0
V53_Q_005269_Q1,[],,[],{},,,,ERROR: type dict doesn't define __round__ method,323.19,0.0
V53_Q_005269_Q2,[],,[],{},,,,ERROR: type dict doesn't define __round__ method,325.53,0.0
V53_Q_005269_Q3,[],,[],{},,,,ERROR: type dict doesn't define __round__ method,332.61,0.0
V53_Q_005269_Q4,[],,[],{},,,,ERROR: type dict doesn't define __round__ method,332.76,0.0
V53_Q_005269_Q5,[],,[],{},,,,ERROR: type dict doesn't define __round__ method,332.07,0.0
V53_Q_005270_Q1,[],,[],{},,,,ERROR: type dict doesn't define __round__ method,327.72,0.0
V53_Q_005270_Q2,[],,[],{},,,,ERROR: type dict doesn't define __round__ method,331.29,0.0
V53_Q_005270_Q3,[],,[],{},,,,ERROR: type dict doesn't define __round__ method,336.81,0.0
V53_Q_005270_Q4,[],retrieve_synthesize_execute,[],{},,,,,305.84,0.0
V53_Q_005270_Q5,[],,[],{},,,,ERROR: type dict doesn't define __round__ method,329.23,0.0
V53_Q_005271_Q1,[],retrieve_synthesize_execute,[],{},,,,,323.81,0.0
V53_Q_005271_Q2,[],,[],{},,,,ERROR: type dict doesn't define __round__ method,336.49,0.0
V53_Q_005271_Q3,[],,[],{},,,,ERROR: type dict doesn't define __round__ method,338.07,0.0
V53_Q_005271_Q4,[],retrieve_synthesize_execute,[],{},,,,,314.85,0.0
V53_Q_005271_Q5,[],,[],{},,,,ERROR: type dict doesn't define __round__ method,333.21,0.0
V53_Q_005272_Q1,[],,[],{},,,,ERROR: type dict doesn't define __round__ method,330.33,0.0
V53_Q_005272_Q2,[],,[],{},,,,ERROR: type dict doesn't define __round__ method,330.77,0.0
V53_Q_005272_Q3,[],,[],{},,,,ERROR: type dict doesn't define __round__ method,343.57,0.0
V53_Q_005272_Q4,[],,[],{},,,,ERROR: type dict doesn't define __round__ method,335.39,0.0
V53_Q_005272_Q5,[],,[],{},,,,ERROR: type dict doesn't define __round__ method,336.43,0.0
V53_Q_005273_Q1,[],,[],{},,,,ERROR: type dict doesn't define __round__ method,338.08,0.0
V53_Q_005273_Q2,[],,[],{},,,,ERROR: type dict doesn't define __round__ method,330.43,0.0
V53_Q_005273_Q3,[],,[],{},,,,ERROR: type dict doesn't define __round__ method,330.39,0.0
V53_Q_005273_Q4,[],,[],{},,,,ERROR: type dict doesn't define __round__ method,336.6,0.0
V53_Q_005273_Q5,[],,[],{},,,,ERROR: type dict doesn't define __round__ method,363.88,0.0
V53_Q_005274_Q1,[],,[],{},,,,ERROR: type dict doesn't define __round__ method,400.48,0.0
V53_Q_005274_Q2,[],,[],{},,,,ERROR: type dict doesn't define __round__ method,411.4,0.0
V53_Q_005274_Q3,[],,[],{},,,,ERROR: type dict doesn't define __round__ method,439.52,0.0
V53_Q_005274_Q4,[],,[],{},,,,ERROR: type dict doesn't define __round__ method,442.83,0.0
V53_Q_005274_Q5,[],,[],{},,,,ERROR: type dict doesn't define __round__ method,374.27,0.0
V53_Q_005275_Q1,[],,[],{},,,,ERROR: type dict doesn't define __round__ method,497.14,0.0
V53_Q_005275_Q2,[],,[],{},,,,ERROR: type dict doesn't define __round__ method,481.76,0.0
V53_Q_005275_Q3,[],,[],{},,,,ERROR: type dict doesn't define __round__ method,430.64,0.0
V53_Q_005275_Q4,[],,[],{},,,,ERROR: type dict doesn't define __round__ method,516.79,0.0
V53_Q_005275_Q5,[],,[],{},,,,ERROR: type dict doesn't define __round__ method,480.46,0.0
V53_Q_005276_Q1,[],,[],{},,,,ERROR: type dict doesn't define __round__ method,442.52,0.0
V53_Q_005276_Q2,[],,[],{},,,,ERROR: type dict doesn't define __round__ method,435.26,0.0
V53_Q_005276_Q3,[],,[],{},,,,ERROR: type dict doesn't define __round__ method,423.27,0.0
V53_Q_005276_Q4,[],retrieve_synthesize_execute,[],{},,,,,331.41,0.0
V53_Q_005276_Q5,[],,[],{},,,,ERROR: type dict doesn't define __round__ method,392.25,0.0
V53_Q_005277_Q1,[],,[],{},,,,ERROR: type dict doesn't define __round__ method,376.41,0.0
V53_Q_005277_Q2,[],,[],{},,,,ERROR: type dict doesn't define __round__ method,445.26,0.0
V53_Q_005277_Q3,[],,[],{},,,,ERROR: type dict doesn't define __round__ method,525.42,0.0
V53_Q_005277_Q4,[],,[],{},,,,ERROR: type dict doesn't define __round__ method,674.82,0.0
V53_Q_005277_Q5,[],retrieve_synthesize_execute,[],{},,,,,349.67,0.0
V53_Q_005278_Q1,[],,[],{},,,,ERROR: type dict doesn't define __round__ method,425.38,0.0
V53_Q_005278_Q2,[],,[],{},,,,ERROR: type dict doesn't define __round__ method,707.83,0.0
V53_Q_005278_Q3,[],,[],{},,,,ERROR: type dict doesn't define __round__ method,615.52,0.0
V53_Q_005278_Q4,[],retrieve_synthesize_execute,[],{},,,,,372.41,0.0
V53_Q_005278_Q5,[],,[],{},,,,ERROR: type dict doesn't define __round__ method,346.75,0.0
V53_Q_005279_Q1,[],,[],{},,,,ERROR: type dict doesn't define __round__ method,337.84,0.0
V53_Q_005279_Q2,[],,[],{},,,,ERROR: type dict doesn't define __round__ method,340.16,0.0
V53_Q_005279_Q3,[],,[],{},,,,ERROR: type dict doesn't define __round__ method,340.0,0.0
V53_Q_005279_Q4,[],retrieve_synthesize_execute,[],{},,,,,338.58,0.0
V53_Q_005279_Q5,[],,[],{},,,,ERROR: type dict doesn't define __round__ method,372.05,0.0
V53_Q_005280_Q1,[],,[],{},,,,ERROR: type dict doesn't define __round__ method,335.51,0.0
V53_Q_005280_Q2,[],,[],{},,,,ERROR: type dict doesn't define __round__ method,327.32,0.0
V53_Q_005280_Q3,[],,[],{},,,,ERROR: type dict doesn't define __round__ method,325.65,0.0
V53_Q_005280_Q4,[],retrieve_synthesize_execute,[],{},,,,,310.94,0.0
V53_Q_005280_Q5,[],,[],{},,,,ERROR: type dict doesn't define __round__ method,338.24,0.0
V53_Q_005281_Q1,[],,[],{},,,,ERROR: type dict doesn't define __round__ method,362.24,0.0
V53_Q_005281_Q2,[],,[],{},,,,ERROR: type dict doesn't define __round__ method,362.56,0.0
V53_Q_005281_Q3,[],,[],{},,,,ERROR: type dict doesn't define __round__ method,351.43,0.0
V53_Q_005281_Q4,[],,[],{},,,,ERROR: type dict doesn't define __round__ method,343.94,0.0
V53_Q_005281_Q5,[],,[],{},,,,ERROR: type dict doesn't define __round__ method,330.49,0.0
V53_Q_005282_Q1,[],,[],{},,,,ERROR: type dict doesn't define __round__ method,339.71,0.0
V53_Q_005282_Q2,[],,[],{},,,,ERROR: type dict doesn't define __round__ method,324.4,0.0
V53_Q_005282_Q3,[],,[],{},,,,ERROR: type dict doesn't define __round__ method,336.02,0.0
V53_Q_005282_Q4,[],,[],{},,,,ERROR: type dict doesn't define __round__ method,330.53,0.0
V53_Q_005282_Q5,[],,[],{},,,,ERROR: type dict doesn't define __round__ method,329.42,0.0
V53_Q_005283_Q1,[],,[],{},,,,ERROR: type dict doesn't define __round__ method,329.43,0.0
V53_Q_005283_Q2,[],,[],{},,,,ERROR: type dict doesn't define __round__ method,339.5,0.0
V53_Q_005283_Q3,[],,[],{},,,,ERROR: type dict doesn't define __round__ method,325.16,0.0
V53_Q_005283_Q4,[],,[],{},,,,ERROR: type dict doesn't define __round__ method,333.03,0.0
V53_Q_005283_Q5,[],,[],{},,,,ERROR: type dict doesn't define __round__ method,332.19,0.0
V53_Q_005284_Q1,[],,[],{},,,,ERROR: type dict doesn't define __round__ method,347.27,0.0
V53_Q_005284_Q2,[],,[],{},,,,ERROR: type dict doesn't define __round__ method,379.83,0.0
V53_Q_005284_Q3,[],,[],{},,,,ERROR: type dict doesn't define __round__ method,396.67,0.0
V53_Q_005284_Q4,[],,[],{},,,,ERROR: type dict doesn't define __round__ method,416.34,0.0
V53_Q_005284_Q5,[],,[],{},,,,ERROR: type dict doesn't define __round__ method,496.02,0.0
V53_Q_005285_Q1,[],,[],{},,,,ERROR: type dict doesn't define __round__ method,473.63,0.0
V53_Q_005285_Q2,[],retrieve_synthesize_execute,[],{},,,,,445.25,0.0
V53_Q_005285_Q3,[],,[],{},,,,ERROR: type dict doesn't define __round__ method,484.1,0.0
V53_Q_005285_Q4,[],,[],{},,,,ERROR: type dict doesn't define __round__ method,537.57,0.0
V53_Q_005285_Q5,[],retrieve_synthesize_execute,[],{},,,,,450.57,0.0
V53_Q_005286_Q1,[],,[],{},,,,ERROR: type dict doesn't define __round__ method,397.72,0.0
V53_Q_005286_Q2,[],,[],{},,,,ERROR: type dict doesn't define __round__ method,479.81,0.0
V53_Q_005286_Q3,[],,[],{},,,,ERROR: type dict doesn't define __round__ method,360.85,0.0
V53_Q_005286_Q4,[],,[],{},,,,ERROR: type dict doesn't define __round__ method,342.0,0.0
V53_Q_005286_Q5,[],,[],{},,,,ERROR: type dict doesn't define __round__ method,390.1,0.0
V53_Q_005287_Q1,[],,[],{},,,,ERROR: type dict doesn't define __round__ method,443.61,0.0
V53_Q_005287_Q2,[],,[],{},,,,ERROR: type dict doesn't define __round__ method,498.08,0.0
V53_Q_005287_Q3,[],,[],{},,,,ERROR: type dict doesn't define __round__ method,697.1,0.0
V53_Q_005287_Q4,[],,[],{},,,,ERROR: type dict doesn't define __round__ method,788.86,0.0
V53_Q_005287_Q5,[],retrieve_synthesize_execute,[],{},,,,,1402.6,0.0
V53_Q_005288_Q1,[],,[],{},,,,ERROR: type dict doesn't define __round__ method,497.24,0.0
V53_Q_005288_Q2,[],,[],{},,,,ERROR: type dict doesn't define __round__ method,332.59,0.0
V53_Q_005288_Q3,[],,[],{},,,,ERROR: type dict doesn't define __round__ method,338.85,0.0
V53_Q_005288_Q4,[],,[],{},,,,ERROR: type dict doesn't define __round__ method,332.94,0.0
V53_Q_005288_Q5,[],,[],{},,,,ERROR: type dict doesn't define __round__ method,332.05,0.0
V53_Q_005289_Q1,[],,[],{},,,,ERROR: type dict doesn't define __round__ method,337.57,0.0
V53_Q_005289_Q2,[],,[],{},,,,ERROR: type dict doesn't define __round__ method,337.13,0.0
V53_Q_005289_Q3,[],,[],{},,,,ERROR: type dict doesn't define __round__ method,365.06,0.0
V53_Q_005289_Q4,[],,[],{},,,,ERROR: type dict doesn't define __round__ method,445.24,0.0
V53_Q_005289_Q5,[],,[],{},,,,ERROR: type dict doesn't define __round__ method,343.75,0.0
V53_Q_005290_Q1,[],,[],{},,,,ERROR: type dict doesn't define __round__ method,347.81,0.0
V53_Q_005290_Q2,[],,[],{},,,,ERROR: type dict doesn't define __round__ method,335.64,0.0
V53_Q_005290_Q3,[],,[],{},,,,ERROR: type dict doesn't define __round__ method,330.05,0.0
V53_Q_005290_Q4,[],retrieve_synthesize_execute,[],{},,,,,312.02,0.0
V53_Q_005290_Q5,[],,[],{},,,,ERROR: type dict doesn't define __round__ method,327.64,0.0
V53_Q_005291_Q1,[],,[],{},,,,ERROR: type dict doesn't define __round__ method,345.37,0.0
V53_Q_005291_Q2,[],,[],{},,,,ERROR: type dict doesn't define __round__ method,431.0,0.0
V53_Q_005291_Q3,[],,[],{},,,,ERROR: type dict doesn't define __round__ method,369.24,0.0
V53_Q_005291_Q4,[],,[],{},,,,ERROR: type dict doesn't define __round__ method,368.33,0.0
V53_Q_005291_Q5,[],,[],{},,,,ERROR: type dict doesn't define __round__ method,482.77,0.0
V53_Q_005292_Q1,[],,[],{},,,,ERROR: type dict doesn't define __round__ method,369.05,0.0
V53_Q_005292_Q2,[],,[],{},,,,ERROR: type dict doesn't define __round__ method,359.32,0.0
V53_Q_005292_Q3,[],,[],{},,,,ERROR: type dict doesn't define __round__ method,421.47,0.0
V53_Q_005292_Q4,[],retrieve_synthesize_execute,[],{},,,,,550.23,0.0
V53_Q_005292_Q5,[],,[],{},,,,ERROR: type dict doesn't define __round__ method,449.02,0.0
V53_Q_005293_Q1,[],,[],{},,,,ERROR: type dict doesn't define __round__ method,3157.13,0.0
V53_Q_005293_Q2,[],retrieve_synthesize_execute,[],{},,,,,517.92,0.0
V53_Q_005293_Q3,[],,[],{},,,,ERROR: type dict doesn't define __round__ method,514.96,0.0
V53_Q_005293_Q4,[],,[],{},,,,ERROR: type dict doesn't define __round__ method,629.47,0.0
V53_Q_005293_Q5,[],,[],{},,,,ERROR: type dict doesn't define __round__ method,626.68,0.0
V53_Q_005294_Q1,[],,[],{},,,,ERROR: type dict doesn't define __round__ method,488.55,0.0
V53_Q_005294_Q2,[],,[],{},,,,ERROR: type dict doesn't define __round__ method,408.96,0.0
V53_Q_005294_Q3,[],,[],{},,,,ERROR: type dict doesn't define __round__ method,376.35,0.0
V53_Q_005294_Q4,[],retrieve_synthesize_execute,[],{},,,,,315.41,0.0
V53_Q_005294_Q5,[],,[],{},,,,ERROR: type dict doesn't define __round__ method,374.3,0.0
V53_Q_005295_Q1,[],,[],{},,,,ERROR: type dict doesn't define __round__ method,489.54,0.0
V53_Q_005295_Q2,[],,[],{},,,,ERROR: type dict doesn't define __round__ method,486.83,0.0
V53_Q_005295_Q3,[],,[],{},,,,ERROR: type dict doesn't define __round__ method,675.54,0.0
V53_Q_005295_Q4,[],,[],{},,,,ERROR: type dict doesn't define __round__ method,596.31,0.0
V53_Q_005295_Q5,[],,[],{},,,,ERROR: type dict doesn't define __round__ method,521.89,0.0
V53_Q_005296_Q1,[],,[],{},,,,ERROR: type dict doesn't define __round__ method,709.83,0.0
V53_Q_005296_Q2,[],,[],{},,,,ERROR: type dict doesn't define __round__ method,530.9,0.0
V53_Q_005296_Q3,[],,[],{},,,,ERROR: type dict doesn't define __round__ method,340.39,0.0
V53_Q_005296_Q4,[],,[],{},,,,ERROR: type dict doesn't define __round__ method,334.04,0.0
V53_Q_005296_Q5,[],,[],{},,,,ERROR: type dict doesn't define __round__ method,324.3,0.0
V53_Q_005297_Q1,[],,[],{},,,,ERROR: type dict doesn't define __round__ method,339.3,0.0
V53_Q_005297_Q2,[],retrieve_synthesize_execute,[],{},,,,,296.82,0.0
V53_Q_005297_Q3,[],,[],{},,,,ERROR: type dict doesn't define __round__ method,329.14,0.0
V53_Q_005297_Q4,[],,[],{},,,,ERROR: type dict doesn't define __round__ method,329.56,0.0
V53_Q_005297_Q5,[],retrieve_synthesize_execute,[],{},,,,,308.86,0.0
V53_Q_005298_Q1,[],,[],{},,,,ERROR: type dict doesn't define __round__ method,384.05,0.0
V53_Q_005298_Q2,[],,[],{},,,,ERROR: type dict doesn't define __round__ method,356.86,0.0
V53_Q_005298_Q3,[],,[],{},,,,ERROR: type dict doesn't define __round__ method,334.78,0.0
V53_Q_005298_Q4,[],,[],{},,,,ERROR: type dict doesn't define __round__ method,335.66,0.0
V53_Q_005298_Q5,[],,[],{},,,,ERROR: type dict doesn't define __round__ method,335.86,0.0
V53_Q_005299_Q1,[],,[],{},,,,ERROR: type dict doesn't define __round__ method,342.68,0.0
V53_Q_005299_Q2,[],,[],{},,,,ERROR: type dict doesn't define __round__ method,328.49,0.0
V53_Q_005299_Q3,[],,[],{},,,,ERROR: type dict doesn't define __round__ method,344.92,0.0
V53_Q_005299_Q4,[],,[],{},,,,ERROR: type dict doesn't define __round__ method,344.79,0.0
V53_Q_005299_Q5,[],,[],{},,,,ERROR: type dict doesn't define __round__ method,326.94,0.0
V53_Q_005300_Q1,[],,[],{},,,,ERROR: type dict doesn't define __round__ method,334.08,0.0
V53_Q_005300_Q2,[],,[],{},,,,ERROR: type dict doesn't define __round__ method,341.38,0.0
V53_Q_005300_Q3,[],,[],{},,,,ERROR: type dict doesn't define __round__ method,336.11,0.0
V53_Q_005300_Q4,[],,[],{},,,,ERROR: type dict doesn't define __round__ method,336.52,0.0
V53_Q_005300_Q5,[],,[],{},,,,ERROR: type dict doesn't define __round__ method,331.99,0.0
V53_Q_005301_Q1,[],,[],{},,,,ERROR: type dict doesn't define __round__ method,343.14,0.0
V53_Q_005301_Q2,[],,[],{},,,,ERROR: type dict doesn't define __round__ method,334.41,0.0
V53_Q_005301_Q3,[],,[],{},,,,ERROR: type dict doesn't define __round__ method,334.31,0.0
V53_Q_005301_Q4,[],retrieve_synthesize_execute,[],{},,,,,304.23,0.0
V53_Q_005301_Q5,[],retrieve_synthesize_execute,[],{},,,,,353.3,0.0
V53_Q_005302_Q1,[],,[],{},,,,ERROR: type dict doesn't define __round__ method,392.93,0.0
V53_Q_005302_Q2,[],,[],{},,,,ERROR: type dict doesn't define __round__ method,386.71,0.0
V53_Q_005302_Q3,[],,[],{},,,,ERROR: type dict doesn't define __round__ method,439.88,0.0
V53_Q_005302_Q4,[],retrieve_synthesize_execute,[],{},,,,,427.23,0.0
V53_Q_005302_Q5,[],,[],{},,,,ERROR: type dict doesn't define __round__ method,434.53,0.0
V53_Q_005303_Q1,[],,[],{},,,,ERROR: type dict doesn't define __round__ method,477.92,0.0
V53_Q_005303_Q2,[],retrieve_synthesize_execute,[],{},,,,,482.02,0.0
V53_Q_005303_Q3,[],,[],{},,,,ERROR: type dict doesn't define __round__ method,451.37,0.0
V53_Q_005303_Q4,[],retrieve_synthesize_execute,[],{},,,,,370.73,0.0
V53_Q_005303_Q5,[],,[],{},,,,ERROR: type dict doesn't define __round__ method,465.94,0.0
V53_Q_005304_Q1,[],,[],{},,,,ERROR: type dict doesn't define __round__ method,469.24,0.0
V53_Q_005304_Q2,[],retrieve_synthesize_execute,[],{},,,,,352.66,0.0
V53_Q_005304_Q3,[],,[],{},,,,ERROR: type dict doesn't define __round__ method,390.98,0.0
V53_Q_005304_Q4,[],retrieve_synthesize_execute,[],{},,,,,345.74,0.0
V53_Q_005304_Q5,[],,[],{},,,,ERROR: type dict doesn't define __round__ method,435.2,0.0
V53_Q_005305_Q1,[],,[],{},,,,ERROR: type dict doesn't define __round__ method,409.14,0.0
V53_Q_005305_Q2,[],,[],{},,,,ERROR: type dict doesn't define __round__ method,585.89,0.0
V53_Q_005305_Q3,[],,[],{},,,,ERROR: type dict doesn't define __round__ method,684.62,0.0
V53_Q_005305_Q4,[],,[],{},,,,ERROR: type dict doesn't define __round__ method,610.82,0.0
V53_Q_005305_Q5,[],,[],{},,,,ERROR: type dict doesn't define __round__ method,616.75,0.0
V53_Q_005306_Q1,[],,[],{},,,,ERROR: type dict doesn't define __round__ method,398.68,0.0
V53_Q_005306_Q2,[],,[],{},,,,ERROR: type dict doesn't define __round__ method,452.95,0.0
V53_Q_005306_Q3,[],,[],{},,,,ERROR: type dict doesn't define __round__ method,464.39,0.0
V53_Q_005306_Q4,[],,[],{},,,,ERROR: type dict doesn't define __round__ method,520.61,0.0
V53_Q_005306_Q5,[],retrieve_synthesize_execute,[],{},,,,,447.24,0.0
V53_Q_005307_Q1,[],,[],{},,,,ERROR: type dict doesn't define __round__ method,369.03,0.0
V53_Q_005307_Q2,[],,[],{},,,,ERROR: type dict doesn't define __round__ method,335.14,0.0
V53_Q_005307_Q3,[],,[],{},,,,ERROR: type dict doesn't define __round__ method,454.61,0.0
V53_Q_005307_Q4,[],retrieve_synthesize_execute,[],{},,,,,314.79,0.0
V53_Q_005307_Q5,[],,[],{},,,,ERROR: type dict doesn't define __round__ method,363.8,0.0
V53_Q_005308_Q1,[],,[],{},,,,ERROR: type dict doesn't define __round__ method,370.24,0.0
V53_Q_005308_Q2,[],,[],{},,,,ERROR: type dict doesn't define __round__ method,358.12,0.0
V53_Q_005308_Q3,[],,[],{},,,,ERROR: type dict doesn't define __round__ method,332.72,0.0
V53_Q_005308_Q4,[],,[],{},,,,ERROR: type dict doesn't define __round__ method,325.44,0.0
V53_Q_005308_Q5,[],,[],{},,,,ERROR: type dict doesn't define __round__ method,326.78,0.0
V53_Q_005309_Q1,[],,[],{},,,,ERROR: type dict doesn't define __round__ method,327.56,0.0
V53_Q_005309_Q2,[],,[],{},,,,ERROR: type dict doesn't define __round__ method,351.28,0.0
V53_Q_005309_Q3,[],,[],{},,,,ERROR: type dict doesn't define __round__ method,352.52,0.0
V53_Q_005309_Q4,[],,[],{},,,,ERROR: type dict doesn't define __round__ method,337.09,0.0
V53_Q_005309_Q5,[],,[],{},,,,ERROR: type dict doesn't define __round__ method,336.09,0.0
V53_Q_005310_Q1,[],,[],{},,,,ERROR: type dict doesn't define __round__ method,349.64,0.0
V53_Q_005310_Q2,[],,[],{},,,,ERROR: type dict doesn't define __round__ method,336.96,0.0
V53_Q_005310_Q3,[],,[],{},,,,ERROR: type dict doesn't define __round__ method,330.42,0.0
V53_Q_005310_Q4,[],retrieve_synthesize_execute,[],{},,,,,305.07,0.0
V53_Q_005310_Q5,[],,[],{},,,,ERROR: type dict doesn't define __round__ method,327.91,0.0
V53_Q_005311_Q1,[],,[],{},,,,ERROR: type dict doesn't define __round__ method,366.18,0.0
V53_Q_005311_Q2,[],,[],{},,,,ERROR: type dict doesn't define __round__ method,350.02,0.0
V53_Q_005311_Q3,[],,[],{},,,,ERROR: type dict doesn't define __round__ method,367.7,0.0
V53_Q_005311_Q4,[],retrieve_synthesize_execute,[],{},,,,,347.26,0.0
V53_Q_005311_Q5,[],,[],{},,,,ERROR: type dict doesn't define __round__ method,383.89,0.0
V53_Q_005312_Q1,[],,[],{},,,,ERROR: type dict doesn't define __round__ method,323.8,0.0
V53_Q_005312_Q2,[],,[],{},,,,ERROR: type dict doesn't define __round__ method,369.37,0.0
V53_Q_005312_Q3,[],,[],{},,,,ERROR: type dict doesn't define __round__ method,416.67,0.0
V53_Q_005312_Q4,[],,[],{},,,,ERROR: type dict doesn't define __round__ method,658.84,0.0
V53_Q_005312_Q5,[],,[],{},,,,ERROR: type dict doesn't define __round__ method,442.47,0.0
V53_Q_005313_Q1,[],,[],{},,,,ERROR: type dict doesn't define __round__ method,434.14,0.0
V53_Q_005313_Q2,[],,[],{},,,,ERROR: type dict doesn't define __round__ method,488.93,0.0
V53_Q_005313_Q3,[],,[],{},,,,ERROR: type dict doesn't define __round__ method,559.21,0.0
V53_Q_005313_Q4,[],retrieve_synthesize_execute,[],{},,,,,577.21,0.0
V53_Q_005313_Q5,[],,[],{},,,,ERROR: type dict doesn't define __round__ method,587.39,0.0
V53_Q_005314_Q1,[],,[],{},,,,ERROR: type dict doesn't define __round__ method,585.18,0.0
V53_Q_005314_Q2,[],retrieve_synthesize_execute,[],{},,,,,458.31,0.0
V53_Q_005314_Q3,[],,[],{},,,,ERROR: type dict doesn't define __round__ method,499.27,0.0
V53_Q_005314_Q4,[],retrieve_synthesize_execute,[],{},,,,,484.77,0.0
V53_Q_005314_Q5,[],,[],{},,,,ERROR: type dict doesn't define __round__ method,492.39,0.0
V53_Q_005315_Q1,[],,[],{},,,,ERROR: type dict doesn't define __round__ method,461.03,0.0
V53_Q_005315_Q2,[],,[],{},,,,ERROR: type dict doesn't define __round__ method,416.08,0.0
V53_Q_005315_Q3,[],,[],{},,,,ERROR: type dict doesn't define __round__ method,995.79,0.0
V53_Q_005315_Q4,[],retrieve_synthesize_execute,[],{},,,,,543.58,0.0
V53_Q_005315_Q5,[],retrieve_synthesize_execute,[],{},,,,,594.5,0.0
V53_Q_005316_Q1,[],,[],{},,,,ERROR: type dict doesn't define __round__ method,752.95,0.0
V53_Q_005316_Q2,[],,[],{},,,,ERROR: type dict doesn't define __round__ method,460.86,0.0
V53_Q_005316_Q3,[],,[],{},,,,ERROR: type dict doesn't define __round__ method,322.31,0.0
V53_Q_005316_Q4,[],,[],{},,,,ERROR: type dict doesn't define __round__ method,324.89,0.0
V53_Q_005316_Q5,[],,[],{},,,,ERROR: type dict doesn't define __round__ method,329.62,0.0
V53_Q_005317_Q1,[],,[],{},,,,ERROR: type dict doesn't define __round__ method,325.11,0.0
V53_Q_005317_Q2,[],,[],{},,,,ERROR: type dict doesn't define __round__ method,327.19,0.0
V53_Q_005317_Q3,[],,[],{},,,,ERROR: type dict doesn't define __round__ method,361.04,0.0
V53_Q_005317_Q4,[],,[],{},,,,ERROR: type dict doesn't define __round__ method,400.86,0.0
V53_Q_005317_Q5,[],,[],{},,,,ERROR: type dict doesn't define __round__ method,381.93,0.0
V53_Q_005318_Q1,[],,[],{},,,,ERROR: type dict doesn't define __round__ method,331.94,0.0
V53_Q_005318_Q2,[],,[],{},,,,ERROR: type dict doesn't define __round__ method,334.06,0.0
V53_Q_005318_Q3,[],,[],{},,,,ERROR: type dict doesn't define __round__ method,323.84,0.0
V53_Q_005318_Q4,[],,[],{},,,,ERROR: type dict doesn't define __round__ method,322.99,0.0
V53_Q_005318_Q5,[],,[],{},,,,ERROR: type dict doesn't define __round__ method,326.83,0.0
V53_Q_005319_Q1,[],,[],{},,,,ERROR: type dict doesn't define __round__ method,327.89,0.0
V53_Q_005319_Q2,[],,[],{},,,,ERROR: type dict doesn't define __round__ method,385.22,0.0
V53_Q_005319_Q3,[],,[],{},,,,ERROR: type dict doesn't define __round__ method,394.18,0.0
V53_Q_005319_Q4,[],retrieve_synthesize_execute,[],{},,,,,336.65,0.0
V53_Q_005319_Q5,[],,[],{},,,,ERROR: type dict doesn't define __round__ method,332.04,0.0
V53_Q_005320_Q1,[],,[],{},,,,ERROR: type dict doesn't define __round__ method,341.03,0.0
V53_Q_005320_Q2,[],retrieve_synthesize_execute,[],{},,,,,303.09,0.0
V53_Q_005320_Q3,[],,[],{},,,,ERROR: type dict doesn't define __round__ method,330.65,0.0
V53_Q_005320_Q4,[],,[],{},,,,ERROR: type dict doesn't define __round__ method,326.32,0.0
V53_Q_005320_Q5,[],retrieve_synthesize_execute,[],{},,,,,292.51,0.0
V53_Q_005321_Q1,[],,[],{},,,,ERROR: type dict doesn't define __round__ method,400.75,0.0
V53_Q_005321_Q2,[],retrieve_synthesize_execute,[],{},,,,,351.83,0.0
V53_Q_005321_Q3,[],,[],{},,,,ERROR: type dict doesn't define __round__ method,365.92,0.0
V53_Q_005321_Q4,[],,[],{},,,,ERROR: type dict doesn't define __round__ method,322.05,0.0
V53_Q_005321_Q5,[],retrieve_synthesize_execute,[],{},,,,,296.08,0.0
V53_Q_005322_Q1,[],,[],{},,,,ERROR: type dict doesn't define __round__ method,341.54,0.0
V53_Q_005322_Q2,[],,[],{},,,,ERROR: type dict doesn't define __round__ method,493.51,0.0
V53_Q_005322_Q3,[],,[],{},,,,ERROR: type dict doesn't define __round__ method,438.4,0.0
V53_Q_005322_Q4,[],,[],{},,,,ERROR: type dict doesn't define __round__ method,472.2,0.0
V53_Q_005322_Q5,[],,[],{},,,,ERROR: type dict doesn't define __round__ method,505.37,0.0
V53_Q_005323_Q1,[],,[],{},,,,ERROR: type dict doesn't define __round__ method,532.37,0.0
V53_Q_005323_Q2,[],,[],{},,,,ERROR: type dict doesn't define __round__ method,468.37,0.0
V53_Q_005323_Q3,[],,[],{},,,,ERROR: type dict doesn't define __round__ method,454.27,0.0
V53_Q_005323_Q4,[],,[],{},,,,ERROR: type dict doesn't define __round__ method,472.74,0.0
V53_Q_005323_Q5,[],retrieve_synthesize_execute,[],{},,,,,503.5,0.0
V53_Q_005324_Q1,[],,[],{},,,,ERROR: type dict doesn't define __round__ method,473.41,0.0
V53_Q_005324_Q2,[],,[],{},,,,ERROR: type dict doesn't define __round__ method,535.51,0.0
V53_Q_005324_Q3,[],,[],{},,,,ERROR: type dict doesn't define __round__ method,545.64,0.0
V53_Q_005324_Q4,[],,[],{},,,,ERROR: type dict doesn't define __round__ method,392.15,0.0
V53_Q_005324_Q5,[],,[],{},,,,ERROR: type dict doesn't define __round__ method,352.49,0.0
V53_Q_005325_Q1,[],,[],{},,,,ERROR: type dict doesn't define __round__ method,431.21,0.0
V53_Q_005325_Q2,[],,[],{},,,,ERROR: type dict doesn't define __round__ method,462.8,0.0
V53_Q_005325_Q3,[],,[],{},,,,ERROR: type dict doesn't define __round__ method,475.99,0.0
V53_Q_005325_Q4,[],,[],{},,,,ERROR: type dict doesn't define __round__ method,833.74,0.0
V53_Q_005325_Q5,[],,[],{},,,,ERROR: type dict doesn't define __round__ method,624.0,0.0
V53_Q_005326_Q1,[],,[],{},,,,ERROR: type dict doesn't define __round__ method,638.96,0.0
V53_Q_005326_Q2,[],,[],{},,,,ERROR: type dict doesn't define __round__ method,609.01,0.0
V53_Q_005326_Q3,[],,[],{},,,,ERROR: type dict doesn't define __round__ method,422.13,0.0
V53_Q_005326_Q4,[],,[],{},,,,ERROR: type dict doesn't define __round__ method,348.97,0.0
V53_Q_005326_Q5,[],,[],{},,,,ERROR: type dict doesn't define __round__ method,335.64,0.0
V53_Q_005327_Q1,[],,[],{},,,,ERROR: type dict doesn't define __round__ method,405.37,0.0
V53_Q_005327_Q2,[],,[],{},,,,ERROR: type dict doesn't define __round__ method,403.48,0.0
V53_Q_005327_Q3,[],,[],{},,,,ERROR: type dict doesn't define __round__ method,376.38,0.0
V53_Q_005327_Q4,[],retrieve_synthesize_execute,[],{},,,,,302.5,0.0
V53_Q_005327_Q5,[],,[],{},,,,ERROR: type dict doesn't define __round__ method,332.17,0.0
V53_Q_005328_Q1,[],,[],{},,,,ERROR: type dict doesn't define __round__ method,336.7,0.0
V53_Q_005328_Q2,[],retrieve_synthesize_execute,[],{},,,,,301.18,0.0
V53_Q_005328_Q3,[],,[],{},,,,ERROR: type dict doesn't define __round__ method,327.52,0.0
V53_Q_005328_Q4,[],,[],{},,,,ERROR: type dict doesn't define __round__ method,326.88,0.0
V53_Q_005328_Q5,[],retrieve_synthesize_execute,[],{},,,,,369.77,0.0
V53_Q_005329_Q1,[],,[],{},,,,ERROR: type dict doesn't define __round__ method,410.45,0.0
V53_Q_005329_Q2,[],retrieve_synthesize_execute,[],{},,,,,335.35,0.0
V53_Q_005329_Q3,[],,[],{},,,,ERROR: type dict doesn't define __round__ method,331.68,0.0
V53_Q_005329_Q4,[],,[],{},,,,ERROR: type dict doesn't define __round__ method,337.81,0.0
V53_Q_005329_Q5,[],retrieve_synthesize_execute,[],{},,,,,308.7,0.0
V53_Q_005330_Q1,[],,[],{},,,,ERROR: type dict doesn't define __round__ method,332.09,0.0
V53_Q_005330_Q2,[],retrieve_synthesize_execute,[],{},,,,,310.87,0.0
V53_Q_005330_Q3,[],,[],{},,,,ERROR: type dict doesn't define __round__ method,362.98,0.0
V53_Q_005330_Q4,[],retrieve_synthesize_execute,[],{},,,,,378.46,0.0
V53_Q_005330_Q5,[],retrieve_synthesize_execute,[],{},,,,,375.56,0.0
V53_Q_005331_Q1,[],,[],{},,,,ERROR: type dict doesn't define __round__ method,351.35,0.0
V53_Q_005331_Q2,[],,[],{},,,,ERROR: type dict doesn't define __round__ method,326.98,0.0
V53_Q_005331_Q3,[],,[],{},,,,ERROR: type dict doesn't define __round__ method,322.19,0.0
V53_Q_005331_Q4,[],retrieve_synthesize_execute,[],{},,,,,298.2,0.0
V53_Q_005331_Q5,[],,[],{},,,,ERROR: type dict doesn't define __round__ method,330.08,0.0
V53_Q_005332_Q1,[],,[],{},,,,ERROR: type dict doesn't define __round__ method,340.43,0.0
V53_Q_005332_Q2,[],retrieve_synthesize_execute,[],{},,,,,396.99,0.0
V53_Q_005332_Q3,[],,[],{},,,,ERROR: type dict doesn't define __round__ method,531.34,0.0
V53_Q_005332_Q4,[],retrieve_synthesize_execute,[],{},,,,,466.36,0.0
V53_Q_005332_Q5,[],,[],{},,,,ERROR: type dict doesn't define __round__ method,482.05,0.0
V53_Q_005333_Q1,[],,[],{},,,,ERROR: type dict doesn't define __round__ method,478.76,0.0
V53_Q_005333_Q2,[],,[],{},,,,ERROR: type dict doesn't define __round__ method,394.0,0.0
V53_Q_005333_Q3,[],,[],{},,,,ERROR: type dict doesn't define __round__ method,475.81,0.0
V53_Q_005333_Q4,[],retrieve_synthesize_execute,[],{},,,,,343.59,0.0
V53_Q_005333_Q5,[],,[],{},,,,ERROR: type dict doesn't define __round__ method,548.98,0.0
V53_Q_005334_Q1,[],,[],{},,,,ERROR: type dict doesn't define __round__ method,615.92,0.0
V53_Q_005334_Q2,[],,[],{},,,,ERROR: type dict doesn't define __round__ method,509.2,0.0
V53_Q_005334_Q3,[],,[],{},,,,ERROR: type dict doesn't define __round__ method,527.05,0.0
V53_Q_005334_Q4,[],,[],{},,,,ERROR: type dict doesn't define __round__ method,536.48,0.0
V53_Q_005334_Q5,[],,[],{},,,,ERROR: type dict doesn't define __round__ method,401.38,0.0
V53_Q_005335_Q1,[],,[],{},,,,ERROR: type dict doesn't define __round__ method,387.89,0.0
V53_Q_005335_Q2,[],,[],{},,,,ERROR: type dict doesn't define __round__ method,367.04,0.0
V53_Q_005335_Q3,[],,[],{},,,,ERROR: type dict doesn't define __round__ method,522.8,0.0
V53_Q_005335_Q4,[],,[],{},,,,ERROR: type dict doesn't define __round__ method,572.73,0.0
V53_Q_005335_Q5,[],,[],{},,,,ERROR: type dict doesn't define __round__ method,715.07,0.0
V53_Q_005336_Q1,[],,[],{},,,,ERROR: type dict doesn't define __round__ method,589.93,0.0
V53_Q_005336_Q2,[],,[],{},,,,ERROR: type dict doesn't define __round__ method,414.96,0.0
V53_Q_005336_Q3,[],,[],{},,,,ERROR: type dict doesn't define __round__ method,771.28,0.0
V53_Q_005336_Q4,[],retrieve_synthesize_execute,[],{},,,,,612.62,0.0
V53_Q_005336_Q5,[],,[],{},,,,ERROR: type dict doesn't define __round__ method,544.58,0.0
V53_Q_005337_Q1,[],,[],{},,,,ERROR: type dict doesn't define __round__ method,532.89,0.0
V53_Q_005337_Q2,[],,[],{},,,,ERROR: type dict doesn't define __round__ method,374.65,0.0
V53_Q_005337_Q3,[],,[],{},,,,ERROR: type dict doesn't define __round__ method,327.02,0.0
V53_Q_005337_Q4,[],,[],{},,,,ERROR: type dict doesn't define __round__ method,336.88,0.0
V53_Q_005337_Q5,[],,[],{},,,,ERROR: type dict doesn't define __round__ method,324.85,0.0
V53_Q_005338_Q1,[],,[],{},,,,ERROR: type dict doesn't define __round__ method,331.25,0.0
V53_Q_005338_Q2,[],,[],{},,,,ERROR: type dict doesn't define __round__ method,355.44,0.0
V53_Q_005338_Q3,[],,[],{},,,,ERROR: type dict doesn't define __round__ method,382.33,0.0
V53_Q_005338_Q4,[],,[],{},,,,ERROR: type dict doesn't define __round__ method,398.84,0.0
V53_Q_005338_Q5,[],,[],{},,,,ERROR: type dict doesn't define __round__ method,347.75,0.0
V53_Q_005339_Q1,[],,[],{},,,,ERROR: type dict doesn't define __round__ method,337.47,0.0
V53_Q_005339_Q2,[],,[],{},,,,ERROR: type dict doesn't define __round__ method,327.07,0.0
V53_Q_005339_Q3,[],,[],{},,,,ERROR: type dict doesn't define __round__ method,324.98,0.0
V53_Q_005339_Q4,[],,[],{},,,,ERROR: type dict doesn't define __round__ method,321.15,0.0
V53_Q_005339_Q5,[],retrieve_synthesize_execute,[],{},,,,,313.29,0.0
V53_Q_005340_Q1,[],,[],{},,,,ERROR: type dict doesn't define __round__ method,344.46,0.0
V53_Q_005340_Q2,[],,[],{},,,,ERROR: type dict doesn't define __round__ method,327.08,0.0
V53_Q_005340_Q3,[],,[],{},,,,ERROR: type dict doesn't define __round__ method,344.43,0.0
V53_Q_005340_Q4,[],retrieve_synthesize_execute,[],{},,,,,293.5,0.0
V53_Q_005340_Q5,[],,[],{},,,,ERROR: type dict doesn't define __round__ method,320.12,0.0
V53_Q_005341_Q1,[],,[],{},,,,ERROR: type dict doesn't define __round__ method,323.14,0.0
V53_Q_005341_Q2,[],,[],{},,,,ERROR: type dict doesn't define __round__ method,327.3,0.0
V53_Q_005341_Q3,[],,[],{},,,,ERROR: type dict doesn't define __round__ method,351.8,0.0
V53_Q_005341_Q4,[],,[],{},,,,ERROR: type dict doesn't define __round__ method,335.51,0.0
V53_Q_005341_Q5,[],retrieve_synthesize_execute,[],{},,,,,302.47,0.0
V53_Q_005342_Q1,[],,[],{},,,,ERROR: type dict doesn't define __round__ method,343.95,0.0
V53_Q_005342_Q2,[],,[],{},,,,ERROR: type dict doesn't define __round__ method,327.26,0.0
V53_Q_005342_Q3,[],,[],{},,,,ERROR: type dict doesn't define __round__ method,330.02,0.0
V53_Q_005342_Q4,[],retrieve_synthesize_execute,[],{},,,,,318.92,0.0
V53_Q_005342_Q5,[],,[],{},,,,ERROR: type dict doesn't define __round__ method,382.67,0.0
V53_Q_005343_Q1,[],,[],{},,,,ERROR: type dict doesn't define __round__ method,387.58,0.0
V53_Q_005343_Q2,[],,[],{},,,,ERROR: type dict doesn't define __round__ method,475.17,0.0
V53_Q_005343_Q3,[],,[],{},,,,ERROR: type dict doesn't define __round__ method,346.58,0.0
V53_Q_005343_Q4,[],,[],{},,,,ERROR: type dict doesn't define __round__ method,472.83,0.0
V53_Q_005343_Q5,[],,[],{},,,,ERROR: type dict doesn't define __round__ method,412.32,0.0
V53_Q_005344_Q1,[],,[],{},,,,ERROR: type dict doesn't define __round__ method,478.44,0.0
V53_Q_005344_Q2,[],retrieve_synthesize_execute,[],{},,,,,354.31,0.0
V53_Q_005344_Q3,[],,[],{},,,,ERROR: type dict doesn't define __round__ method,522.3,0.0
V53_Q_005344_Q4,[],,[],{},,,,ERROR: type dict doesn't define __round__ method,480.29,0.0
V53_Q_005344_Q5,[],retrieve_synthesize_execute,[],{},,,,,473.12,0.0
V53_Q_005345_Q1,[],,[],{},,,,ERROR: type dict doesn't define __round__ method,442.47,0.0
V53_Q_005345_Q2,[],,[],{},,,,ERROR: type dict doesn't define __round__ method,428.68,0.0
V53_Q_005345_Q3,[],,[],{},,,,ERROR: type dict doesn't define __round__ method,383.19,0.0
V53_Q_005345_Q4,[],,[],{},,,,ERROR: type dict doesn't define __round__ method,389.09,0.0
V53_Q_005345_Q5,[],,[],{},,,,ERROR: type dict doesn't define __round__ method,440.45,0.0
V53_Q_005346_Q1,[],,[],{},,,,ERROR: type dict doesn't define __round__ method,427.59,0.0
V53_Q_005346_Q2,[],,[],{},,,,ERROR: type dict doesn't define __round__ method,549.22,0.0
V53_Q_005346_Q3,[],,[],{},,,,ERROR: type dict doesn't define __round__ method,791.64,0.0
V53_Q_005346_Q4,[],,[],{},,,,ERROR: type dict doesn't define __round__ method,1319.57,0.0
V53_Q_005346_Q5,[],,[],{},,,,ERROR: type dict doesn't define __round__ method,522.68,0.0
V53_Q_005347_Q1,[],,[],{},,,,ERROR: type dict doesn't define __round__ method,573.47,0.0
V53_Q_005347_Q2,[],,[],{},,,,ERROR: type dict doesn't define __round__ method,431.93,0.0
V53_Q_005347_Q3,[],,[],{},,,,ERROR: type dict doesn't define __round__ method,332.64,0.0
V53_Q_005347_Q4,[],,[],{},,,,ERROR: type dict doesn't define __round__ method,334.86,0.0
V53_Q_005347_Q5,[],retrieve_synthesize_execute,[],{},,,,,303.7,0.0
V53_Q_005348_Q1,[],,[],{},,,,ERROR: type dict doesn't define __round__ method,326.84,0.0
V53_Q_005348_Q2,[],,[],{},,,,ERROR: type dict doesn't define __round__ method,328.42,0.0
V53_Q_005348_Q3,[],,[],{},,,,ERROR: type dict doesn't define __round__ method,323.67,0.0
V53_Q_005348_Q4,[],,[],{},,,,ERROR: type dict doesn't define __round__ method,330.77,0.0
V53_Q_005348_Q5,[],,[],{},,,,ERROR: type dict doesn't define __round__ method,332.98,0.0
V53_Q_005349_Q1,[],,[],{},,,,ERROR: type dict doesn't define __round__ method,324.0,0.0
V53_Q_005349_Q2,[],retrieve_synthesize_execute,[],{},,,,,300.85,0.0
V53_Q_005349_Q3,[],,[],{},,,,ERROR: type dict doesn't define __round__ method,322.08,0.0
V53_Q_005349_Q4,[],,[],{},,,,ERROR: type dict doesn't define __round__ method,326.56,0.0
V53_Q_005349_Q5,[],retrieve_synthesize_execute,[],{},,,,,295.54,0.0
V53_Q_005350_Q1,[],,[],{},,,,ERROR: type dict doesn't define __round__ method,320.24,0.0
V53_Q_005350_Q2,[],,[],{},,,,ERROR: type dict doesn't define __round__ method,350.2,0.0
V53_Q_005350_Q3,[],,[],{},,,,ERROR: type dict doesn't define __round__ method,332.36,0.0
V53_Q_005350_Q4,[],,[],{},,,,ERROR: type dict doesn't define __round__ method,353.13,0.0
V53_Q_005350_Q5,[],,[],{},,,,ERROR: type dict doesn't define __round__ method,337.9,0.0
V53_Q_005351_Q1,[],,[],{},,,,ERROR: type dict doesn't define __round__ method,340.4,0.0
V53_Q_005351_Q2,[],,[],{},,,,ERROR: type dict doesn't define __round__ method,353.08,0.0
V53_Q_005351_Q3,[],,[],{},,,,ERROR: type dict doesn't define __round__ method,360.47,0.0
V53_Q_005351_Q4,[],retrieve_synthesize_execute,[],{},,,,,350.38,0.0
V53_Q_005351_Q5,[],,[],{},,,,ERROR: type dict doesn't define __round__ method,370.23,0.0
V53_Q_005352_Q1,[],,[],{},,,,ERROR: type dict doesn't define __round__ method,357.98,0.0
V53_Q_005352_Q2,[],,[],{},,,,ERROR: type dict doesn't define __round__ method,372.94,0.0
V53_Q_005352_Q3,[],,[],{},,,,ERROR: type dict doesn't define __round__ method,343.58,0.0
V53_Q_005352_Q4,[],,[],{},,,,ERROR: type dict doesn't define __round__ method,326.87,0.0
V53_Q_005352_Q5,[],,[],{},,,,ERROR: type dict doesn't define __round__ method,325.18,0.0
V53_Q_005353_Q1,[],,[],{},,,,ERROR: type dict doesn't define __round__ method,378.13,0.0
V53_Q_005353_Q2,[],,[],{},,,,ERROR: type dict doesn't define __round__ method,403.46,0.0
V53_Q_005353_Q3,[],,[],{},,,,ERROR: type dict doesn't define __round__ method,426.27,0.0
V53_Q_005353_Q4,[],,[],{},,,,ERROR: type dict doesn't define __round__ method,450.45,0.0
V53_Q_005353_Q5,[],,[],{},,,,ERROR: type dict doesn't define __round__ method,412.13,0.0
V53_Q_005354_Q1,[],,[],{},,,,ERROR: type dict doesn't define __round__ method,527.56,0.0
V53_Q_005354_Q2,[],,[],{},,,,ERROR: type dict doesn't define __round__ method,639.87,0.0
V53_Q_005354_Q3,[],,[],{},,,,ERROR: type dict doesn't define __round__ method,511.49,0.0
V53_Q_005354_Q4,[],,[],{},,,,ERROR: type dict doesn't define __round__ method,512.94,0.0
V53_Q_005354_Q5,[],,[],{},,,,ERROR: type dict doesn't define __round__ method,489.26,0.0
V53_Q_005355_Q1,[],,[],{},,,,ERROR: type dict doesn't define __round__ method,466.59,0.0
V53_Q_005355_Q2,[],,[],{},,,,ERROR: type dict doesn't define __round__ method,405.32,0.0
V53_Q_005355_Q3,[],,[],{},,,,ERROR: type dict doesn't define __round__ method,377.66,0.0
V53_Q_005355_Q4,[],,[],{},,,,ERROR: type dict doesn't define __round__ method,383.86,0.0
V53_Q_005355_Q5,[],,[],{},,,,ERROR: type dict doesn't define __round__ method,508.11,0.0
V53_Q_005356_Q1,[],,[],{},,,,ERROR: type dict doesn't define __round__ method,504.1,0.0
V53_Q_005356_Q2,[],retrieve_synthesize_execute,[],{},,,,,429.99,0.0
V53_Q_005356_Q3,[],,[],{},,,,ERROR: type dict doesn't define __round__ method,481.28,0.0
V53_Q_005356_Q4,[],retrieve_synthesize_execute,[],{},,,,,435.86,0.0
V53_Q_005356_Q5,[],,[],{},,,,ERROR: type dict doesn't define __round__ method,603.69,0.0
V53_Q_005357_Q1,[],,[],{},,,,ERROR: type dict doesn't define __round__ method,404.07,0.0
V53_Q_005357_Q2,[],,[],{},,,,ERROR: type dict doesn't define __round__ method,500.23,0.0
V53_Q_005357_Q3,[],,[],{},,,,ERROR: type dict doesn't define __round__ method,338.23,0.0
V53_Q_005357_Q4,[],,[],{},,,,ERROR: type dict doesn't define __round__ method,343.1,0.0
V53_Q_005357_Q5,[],,[],{},,,,ERROR: type dict doesn't define __round__ method,343.68,0.0
V53_Q_005358_Q1,[],,[],{},,,,ERROR: type dict doesn't define __round__ method,337.23,0.0
V53_Q_005358_Q2,[],,[],{},,,,ERROR: type dict doesn't define __round__ method,340.82,0.0
V53_Q_005358_Q3,[],,[],{},,,,ERROR: type dict doesn't define __round__ method,328.23,0.0
V53_Q_005358_Q4,[],,[],{},,,,ERROR: type dict doesn't define __round__ method,330.77,0.0
V53_Q_005358_Q5,[],,[],{},,,,ERROR: type dict doesn't define __round__ method,334.68,0.0
V53_Q_005359_Q1,[],,[],{},,,,ERROR: type dict doesn't define __round__ method,334.05,0.0
V53_Q_005359_Q2,[],,[],{},,,,ERROR: type dict doesn't define __round__ method,348.39,0.0
V53_Q_005359_Q3,[],,[],{},,,,ERROR: type dict doesn't define __round__ method,330.11,0.0
V53_Q_005359_Q4,[],retrieve_synthesize_execute,[],{},,,,,311.89,0.0
V53_Q_005359_Q5,[],,[],{},,,,ERROR: type dict doesn't define __round__ method,354.27,0.0
V53_Q_005360_Q1,[],,[],{},,,,ERROR: type dict doesn't define __round__ method,369.37,0.0
V53_Q_005360_Q2,[],,[],{},,,,ERROR: type dict doesn't define __round__ method,332.66,0.0
V53_Q_005360_Q3,[],,[],{},,,,ERROR: type dict doesn't define __round__ method,330.19,0.0
V53_Q_005360_Q4,[],,[],{},,,,ERROR: type dict doesn't define __round__ method,328.96,0.0
V53_Q_005360_Q5,[],,[],{},,,,ERROR: type dict doesn't define __round__ method,331.9,0.0
V53_Q_005361_Q1,[],,[],{},,,,ERROR: type dict doesn't define __round__ method,330.71,0.0
V53_Q_005361_Q2,[],retrieve_synthesize_execute,[],{},,,,,301.07,0.0
V53_Q_005361_Q3,[],,[],{},,,,ERROR: type dict doesn't define __round__ method,333.56,0.0
V53_Q_005361_Q4,[],retrieve_synthesize_execute,[],{},,,,,305.04,0.0
V53_Q_005361_Q5,[],,[],{},,,,ERROR: type dict doesn't define __round__ method,331.01,0.0
V53_Q_005362_Q1,[],,[],{},,,,ERROR: type dict doesn't define __round__ method,326.9,0.0
V53_Q_005362_Q2,[],,[],{},,,,ERROR: type dict doesn't define __round__ method,335.99,0.0
V53_Q_005362_Q3,[],,[],{},,,,ERROR: type dict doesn't define __round__ method,331.35,0.0
V53_Q_005362_Q4,[],retrieve_synthesize_execute,[],{},,,,,363.07,0.0
V53_Q_005362_Q5,[],,[],{},,,,ERROR: type dict doesn't define __round__ method,380.68,0.0
V53_Q_005363_Q1,[],,[],{},,,,ERROR: type dict doesn't define __round__ method,351.34,0.0
V53_Q_005363_Q2,[],,[],{},,,,ERROR: type dict doesn't define __round__ method,419.95,0.0
V53_Q_005363_Q3,[],,[],{},,,,ERROR: type dict doesn't define __round__ method,474.25,0.0
V53_Q_005363_Q4,[],,[],{},,,,ERROR: type dict doesn't define __round__ method,470.77,0.0
V53_Q_005363_Q5,[],,[],{},,,,ERROR: type dict doesn't define __round__ method,430.43,0.0
V53_Q_005364_Q1,[],,[],{},,,,ERROR: type dict doesn't define __round__ method,482.83,0.0
V53_Q_005364_Q2,[],retrieve_synthesize_execute,[],{},,,,,373.67,0.0
V53_Q_005364_Q3,[],,[],{},,,,ERROR: type dict doesn't define __round__ method,468.65,0.0
V53_Q_005364_Q4,[],retrieve_synthesize_execute,[],{},,,,,547.93,0.0
V53_Q_005364_Q5,[],retrieve_synthesize_execute,[],{},,,,,484.18,0.0
V53_Q_005365_Q1,[],,[],{},,,,ERROR: type dict doesn't define __round__ method,418.16,0.0
V53_Q_005365_Q2,[],,[],{},,,,ERROR: type dict doesn't define __round__ method,374.26,0.0
V53_Q_005365_Q3,[],,[],{},,,,ERROR: type dict doesn't define __round__ method,364.24,0.0
V53_Q_005365_Q4,[],,[],{},,,,ERROR: type dict doesn't define __round__ method,454.81,0.0
V53_Q_005365_Q5,[],,[],{},,,,ERROR: type dict doesn't define __round__ method,489.81,0.0
V53_Q_005366_Q1,[],,[],{},,,,ERROR: type dict doesn't define __round__ method,679.16,0.0
V53_Q_005366_Q2,[],,[],{},,,,ERROR: type dict doesn't define __round__ method,854.6,0.0
V53_Q_005366_Q3,[],,[],{},,,,ERROR: type dict doesn't define __round__ method,433.8,0.0
V53_Q_005366_Q4,[],,[],{},,,,ERROR: type dict doesn't define __round__ method,467.37,0.0
V53_Q_005366_Q5,[],,[],{},,,,ERROR: type dict doesn't define __round__ method,444.34,0.0
V53_Q_005367_Q1,[],,[],{},,,,ERROR: type dict doesn't define __round__ method,495.03,0.0
V53_Q_005367_Q2,[],,[],{},,,,ERROR: type dict doesn't define __round__ method,523.75,0.0
V53_Q_005367_Q3,[],,[],{},,,,ERROR: type dict doesn't define __round__ method,494.46,0.0
V53_Q_005367_Q4,[],,[],{},,,,ERROR: type dict doesn't define __round__ method,407.69,0.0
V53_Q_005367_Q5,[],,[],{},,,,ERROR: type dict doesn't define __round__ method,357.7,0.0
V53_Q_005368_Q1,[],,[],{},,,,ERROR: type dict doesn't define __round__ method,333.51,0.0
V53_Q_005368_Q2,[],,[],{},,,,ERROR: type dict doesn't define __round__ method,327.04,0.0
V53_Q_005368_Q3,[],,[],{},,,,ERROR: type dict doesn't define __round__ method,328.82,0.0
V53_Q_005368_Q4,[],,[],{},,,,ERROR: type dict doesn't define __round__ method,327.16,0.0
V53_Q_005368_Q5,[],,[],{},,,,ERROR: type dict doesn't define __round__ method,327.12,0.0
V53_Q_005369_Q1,[],,[],{},,,,ERROR: type dict doesn't define __round__ method,330.3,0.0
V53_Q_005369_Q2,[],,[],{},,,,ERROR: type dict doesn't define __round__ method,323.18,0.0
V53_Q_005369_Q3,[],,[],{},,,,ERROR: type dict doesn't define __round__ method,327.12,0.0
V53_Q_005369_Q4,[],,[],{},,,,ERROR: type dict doesn't define __round__ method,342.42,0.0
V53_Q_005369_Q5,[],retrieve_synthesize_execute,[],{},,,,,300.93,0.0
V53_Q_005370_Q1,[],,[],{},,,,ERROR: type dict doesn't define __round__ method,345.51,0.0
V53_Q_005370_Q2,[],,[],{},,,,ERROR: type dict doesn't define __round__ method,338.73,0.0
V53_Q_005370_Q3,[],,[],{},,,,ERROR: type dict doesn't define __round__ method,322.09,0.0
V53_Q_005370_Q4,[],,[],{},,,,ERROR: type dict doesn't define __round__ method,333.72,0.0
V53_Q_005370_Q5,[],,[],{},,,,ERROR: type dict doesn't define __round__ method,330.29,0.0
V53_Q_005371_Q1,[],,[],{},,,,ERROR: type dict doesn't define __round__ method,325.39,0.0
V53_Q_005371_Q2,[],retrieve_synthesize_execute,[],{},,,,,304.98,0.0
V53_Q_005371_Q3,[],,[],{},,,,ERROR: type dict doesn't define __round__ method,329.88,0.0
V53_Q_005371_Q4,[],retrieve_synthesize_execute,[],{},,,,,300.66,0.0
V53_Q_005371_Q5,[],retrieve_synthesize_execute,[],{},,,,,304.43,0.0
V53_Q_005372_Q1,[],,[],{},,,,ERROR: type dict doesn't define __round__ method,357.14,0.0
V53_Q_005372_Q2,[],,[],{},,,,ERROR: type dict doesn't define __round__ method,336.98,0.0
V53_Q_005372_Q3,[],,[],{},,,,ERROR: type dict doesn't define __round__ method,335.93,0.0
V53_Q_005372_Q4,[],,[],{},,,,ERROR: type dict doesn't define __round__ method,440.15,0.0
V53_Q_005372_Q5,[],,[],{},,,,ERROR: type dict doesn't define __round__ method,359.78,0.0
V53_Q_005373_Q1,[],,[],{},,,,ERROR: type dict doesn't define __round__ method,405.35,0.0
V53_Q_005373_Q2,[],,[],{},,,,ERROR: type dict doesn't define __round__ method,676.64,0.0
V53_Q_005373_Q3,[],,[],{},,,,ERROR: type dict doesn't define __round__ method,534.02,0.0
V53_Q_005373_Q4,[],retrieve_synthesize_execute,[],{},,,,,462.42,0.0
V53_Q_005373_Q5,[],,[],{},,,,ERROR: type dict doesn't define __round__ method,478.42,0.0
V53_Q_005374_Q1,[],,[],{},,,,ERROR: type dict doesn't define __round__ method,490.07,0.0
V53_Q_005374_Q2,[],,[],{},,,,ERROR: type dict doesn't define __round__ method,581.54,0.0
V53_Q_005374_Q3,[],,[],{},,,,ERROR: type dict doesn't define __round__ method,444.9,0.0
V53_Q_005374_Q4,[],retrieve_synthesize_execute,[],{},,,,,454.66,0.0
V53_Q_005374_Q5,[],,[],{},,,,ERROR: type dict doesn't define __round__ method,416.46,0.0
V53_Q_005375_Q1,[],,[],{},,,,ERROR: type dict doesn't define __round__ method,528.91,0.0
V53_Q_005375_Q2,[],retrieve_synthesize_execute,[],{},,,,,401.55,0.0
V53_Q_005375_Q3,[],,[],{},,,,ERROR: type dict doesn't define __round__ method,378.35,0.0
V53_Q_005375_Q4,[],,[],{},,,,ERROR: type dict doesn't define __round__ method,376.68,0.0
V53_Q_005375_Q5,[],,[],{},,,,ERROR: type dict doesn't define __round__ method,474.08,0.0
V53_Q_005376_Q1,[],,[],{},,,,ERROR: type dict doesn't define __round__ method,470.03,0.0
V53_Q_005376_Q2,[],,[],{},,,,ERROR: type dict doesn't define __round__ method,680.69,0.0
V53_Q_005376_Q3,[],,[],{},,,,ERROR: type dict doesn't define __round__ method,554.83,0.0
V53_Q_005376_Q4,[],,[],{},,,,ERROR: type dict doesn't define __round__ method,690.33,0.0
V53_Q_005376_Q5,[],,[],{},,,,ERROR: type dict doesn't define __round__ method,646.94,0.0
V53_Q_005377_Q1,[],,[],{},,,,ERROR: type dict doesn't define __round__ method,540.61,0.0
V53_Q_005377_Q2,[],,[],{},,,,ERROR: type dict doesn't define __round__ method,341.49,0.0
V53_Q_005377_Q3,[],,[],{},,,,ERROR: type dict doesn't define __round__ method,327.63,0.0
V53_Q_005377_Q4,[],,[],{},,,,ERROR: type dict doesn't define __round__ method,325.78,0.0
V53_Q_005377_Q5,[],,[],{},,,,ERROR: type dict doesn't define __round__ method,330.17,0.0
V53_Q_005378_Q1,[],,[],{},,,,ERROR: type dict doesn't define __round__ method,333.04,0.0
V53_Q_005378_Q2,[],,[],{},,,,ERROR: type dict doesn't define __round__ method,325.42,0.0
V53_Q_005378_Q3,[],,[],{},,,,ERROR: type dict doesn't define __round__ method,325.79,0.0
V53_Q_005378_Q4,[],,[],{},,,,ERROR: type dict doesn't define __round__ method,326.98,0.0
V53_Q_005378_Q5,[],,[],{},,,,ERROR: type dict doesn't define __round__ method,341.57,0.0
V53_Q_005379_Q1,[],,[],{},,,,ERROR: type dict doesn't define __round__ method,348.24,0.0
V53_Q_005379_Q2,[],,[],{},,,,ERROR: type dict doesn't define __round__ method,327.51,0.0
V53_Q_005379_Q3,[],,[],{},,,,ERROR: type dict doesn't define __round__ method,326.11,0.0
V53_Q_005379_Q4,[],retrieve_synthesize_execute,[],{},,,,,296.69,0.0
V53_Q_005379_Q5,[],,[],{},,,,ERROR: type dict doesn't define __round__ method,334.62,0.0
V53_Q_005380_Q1,[],,[],{},,,,ERROR: type dict doesn't define __round__ method,329.64,0.0
V53_Q_005380_Q2,[],,[],{},,,,ERROR: type dict doesn't define __round__ method,330.72,0.0
V53_Q_005380_Q3,[],,[],{},,,,ERROR: type dict doesn't define __round__ method,331.93,0.0
V53_Q_005380_Q4,[],,[],{},,,,ERROR: type dict doesn't define __round__ method,333.88,0.0
V53_Q_005380_Q5,[],,[],{},,,,ERROR: type dict doesn't define __round__ method,334.2,0.0
V53_Q_005381_Q1,[],,[],{},,,,ERROR: type dict doesn't define __round__ method,349.45,0.0
V53_Q_005381_Q2,[],,[],{},,,,ERROR: type dict doesn't define __round__ method,342.06,0.0
V53_Q_005381_Q3,[],,[],{},,,,ERROR: type dict doesn't define __round__ method,352.41,0.0
V53_Q_005381_Q4,[],retrieve_synthesize_execute,[],{},,,,,317.45,0.0
V53_Q_005381_Q5,[],,[],{},,,,ERROR: type dict doesn't define __round__ method,365.63,0.0
V53_Q_005382_Q1,[],,[],{},,,,ERROR: type dict doesn't define __round__ method,351.08,0.0
V53_Q_005382_Q2,[],,[],{},,,,ERROR: type dict doesn't define __round__ method,338.13,0.0
V53_Q_005382_Q3,[],,[],{},,,,ERROR: type dict doesn't define __round__ method,340.57,0.0
V53_Q_005382_Q4,[],,[],{},,,,ERROR: type dict doesn't define __round__ method,341.89,0.0
V53_Q_005382_Q5,[],,[],{},,,,ERROR: type dict doesn't define __round__ method,422.06,0.0
V53_Q_005383_Q1,[],,[],{},,,,ERROR: type dict doesn't define __round__ method,439.09,0.0
V53_Q_005383_Q2,[],,[],{},,,,ERROR: type dict doesn't define __round__ method,470.53,0.0
V53_Q_005383_Q3,[],,[],{},,,,ERROR: type dict doesn't define __round__ method,468.2,0.0
V53_Q_005383_Q4,[],retrieve_synthesize_execute,[],{},,,,,412.42,0.0
V53_Q_005383_Q5,[],,[],{},,,,ERROR: type dict doesn't define __round__ method,430.79,0.0
V53_Q_005384_Q1,[],,[],{},,,,ERROR: type dict doesn't define __round__ method,477.32,0.0
V53_Q_005384_Q2,[],,[],{},,,,ERROR: type dict doesn't define __round__ method,572.67,0.0
V53_Q_005384_Q3,[],,[],{},,,,ERROR: type dict doesn't define __round__ method,381.54,0.0
V53_Q_005384_Q4,[],retrieve_synthesize_execute,[],{},,,,,441.41,0.0
V53_Q_005384_Q5,[],,[],{},,,,ERROR: type dict doesn't define __round__ method,467.93,0.0
V53_Q_005385_Q1,[],,[],{},,,,ERROR: type dict doesn't define __round__ method,406.65,0.0
V53_Q_005385_Q2,[],,[],{},,,,ERROR: type dict doesn't define __round__ method,340.31,0.0
V53_Q_005385_Q3,[],,[],{},,,,ERROR: type dict doesn't define __round__ method,424.18,0.0
V53_Q_005385_Q4,[],retrieve_synthesize_execute,[],{},,,,,417.62,0.0
V53_Q_005385_Q5,[],,[],{},,,,ERROR: type dict doesn't define __round__ method,480.56,0.0
V53_Q_005386_Q1,[],,[],{},,,,ERROR: type dict doesn't define __round__ method,512.8,0.0
V53_Q_005386_Q2,[],,[],{},,,,ERROR: type dict doesn't define __round__ method,668.77,0.0
V53_Q_005386_Q3,[],,[],{},,,,ERROR: type dict doesn't define __round__ method,530.38,0.0
V53_Q_005386_Q4,[],,[],{},,,,ERROR: type dict doesn't define __round__ method,432.3,0.0
V53_Q_005386_Q5,[],,[],{},,,,ERROR: type dict doesn't define __round__ method,429.7,0.0
V53_Q_005387_Q1,[],,[],{},,,,ERROR: type dict doesn't define __round__ method,604.18,0.0
V53_Q_005387_Q2,[],,[],{},,,,ERROR: type dict doesn't define __round__ method,366.93,0.0
V53_Q_005387_Q3,[],,[],{},,,,ERROR: type dict doesn't define __round__ method,339.97,0.0
V53_Q_005387_Q4,[],,[],{},,,,ERROR: type dict doesn't define __round__ method,370.12,0.0
V53_Q_005387_Q5,[],,[],{},,,,ERROR: type dict doesn't define __round__ method,330.44,0.0
V53_Q_005388_Q1,[],,[],{},,,,ERROR: type dict doesn't define __round__ method,344.64,0.0
V53_Q_005388_Q2,[],,[],{},,,,ERROR: type dict doesn't define __round__ method,342.14,0.0
V53_Q_005388_Q3,[],,[],{},,,,ERROR: type dict doesn't define __round__ method,329.19,0.0
V53_Q_005388_Q4,[],,[],{},,,,ERROR: type dict doesn't define __round__ method,333.99,0.0
V53_Q_005388_Q5,[],retrieve_synthesize_execute,[],{},,,,,311.12,0.0
V53_Q_005389_Q1,[],,[],{},,,,ERROR: type dict doesn't define __round__ method,337.12,0.0
V53_Q_005389_Q2,[],,[],{},,,,ERROR: type dict doesn't define __round__ method,342.11,0.0
V53_Q_005389_Q3,[],,[],{},,,,ERROR: type dict doesn't define __round__ method,335.15,0.0
V53_Q_005389_Q4,[],,[],{},,,,ERROR: type dict doesn't define __round__ method,327.54,0.0
V53_Q_005389_Q5,[],,[],{},,,,ERROR: type dict doesn't define __round__ method,337.84,0.0
V53_Q_005390_Q1,[],,[],{},,,,ERROR: type dict doesn't define __round__ method,347.77,0.0
V53_Q_005390_Q2,[],,[],{},,,,ERROR: type dict doesn't define __round__ method,331.97,0.0
V53_Q_005390_Q3,[],,[],{},,,,ERROR: type dict doesn't define __round__ method,330.71,0.0
V53_Q_005390_Q4,[],,[],{},,,,ERROR: type dict doesn't define __round__ method,333.97,0.0
V53_Q_005390_Q5,[],,[],{},,,,ERROR: type dict doesn't define __round__ method,332.05,0.0
V53_Q_005391_Q1,[],,[],{},,,,ERROR: type dict doesn't define __round__ method,335.5,0.0
V53_Q_005391_Q2,[],,[],{},,,,ERROR: type dict doesn't define __round__ method,321.43,0.0
V53_Q_005391_Q3,[],,[],{},,,,ERROR: type dict doesn't define __round__ method,326.44,0.0
V53_Q_005391_Q4,[],,[],{},,,,ERROR: type dict doesn't define __round__ method,323.48,0.0
V53_Q_005391_Q5,[],,[],{},,,,ERROR: type dict doesn't define __round__ method,329.42,0.0
V53_Q_005392_Q1,[],,[],{},,,,ERROR: type dict doesn't define __round__ method,339.53,0.0
V53_Q_005392_Q2,[],,[],{},,,,ERROR: type dict doesn't define __round__ method,323.73,0.0
V53_Q_005392_Q3,[],,[],{},,,,ERROR: type dict doesn't define __round__ method,349.2,0.0
V53_Q_005392_Q4,[],retrieve_synthesize_execute,[],{},,,,,301.02,0.0
V53_Q_005392_Q5,[],retrieve_synthesize_execute,[],{},,,,,298.3,0.0
V53_Q_005393_Q1,[],,[],{},,,,ERROR: type dict doesn't define __round__ method,508.58,0.0
V53_Q_005393_Q2,[],,[],{},,,,ERROR: type dict doesn't define __round__ method,474.01,0.0
V53_Q_005393_Q3,[],,[],{},,,,ERROR: type dict doesn't define __round__ method,424.71,0.0
V53_Q_005393_Q4,[],,[],{},,,,ERROR: type dict doesn't define __round__ method,423.91,0.0
V53_Q_005393_Q5,[],,[],{},,,,ERROR: type dict doesn't define __round__ method,458.49,0.0
V53_Q_005394_Q1,[],,[],{},,,,ERROR: type dict doesn't define __round__ method,466.73,0.0
V53_Q_005394_Q2,[],,[],{},,,,ERROR: type dict doesn't define __round__ method,445.01,0.0
V53_Q_005394_Q3,[],,[],{},,,,ERROR: type dict doesn't define __round__ method,424.66,0.0
V53_Q_005394_Q4,[],retrieve_synthesize_execute,[],{},,,,,493.87,0.0
V53_Q_005394_Q5,[],retrieve_synthesize_execute,[],{},,,,,369.73,0.0
V53_Q_005395_Q1,[],,[],{},,,,ERROR: type dict doesn't define __round__ method,486.16,0.0
V53_Q_005395_Q2,[],retrieve_synthesize_execute,[],{},,,,,441.61,0.0
V53_Q_005395_Q3,[],,[],{},,,,ERROR: type dict doesn't define __round__ method,377.01,0.0
V53_Q_005395_Q4,[],,[],{},,,,ERROR: type dict doesn't define __round__ method,349.33,0.0
V53_Q_005395_Q5,[],,[],{},,,,ERROR: type dict doesn't define __round__ method,387.85,0.0
V53_Q_005396_Q1,[],,[],{},,,,ERROR: type dict doesn't define __round__ method,464.64,0.0
V53_Q_005396_Q2,[],,[],{},,,,ERROR: type dict doesn't define __round__ method,415.02,0.0
V53_Q_005396_Q3,[],,[],{},,,,ERROR: type dict doesn't define __round__ method,488.03,0.0
V53_Q_005396_Q4,[],,[],{},,,,ERROR: type dict doesn't define __round__ method,552.72,0.0
V53_Q_005396_Q5,[],,[],{},,,,ERROR: type dict doesn't define __round__ method,494.42,0.0
V53_Q_005397_Q1,[],,[],{},,,,ERROR: type dict doesn't define __round__ method,550.08,0.0
V53_Q_005397_Q2,[],,[],{},,,,ERROR: type dict doesn't define __round__ method,373.33,0.0
V53_Q_005397_Q3,[],,[],{},,,,ERROR: type dict doesn't define __round__ method,343.98,0.0
V53_Q_005397_Q4,[],,[],{},,,,ERROR: type dict doesn't define __round__ method,637.77,0.0
V53_Q_005397_Q5,[],,[],{},,,,ERROR: type dict doesn't define __round__ method,389.18,0.0
V53_Q_005398_Q1,[],,[],{},,,,ERROR: type dict doesn't define __round__ method,326.76,0.0
V53_Q_005398_Q2,[],,[],{},,,,ERROR: type dict doesn't define __round__ method,326.83,0.0
V53_Q_005398_Q3,[],,[],{},,,,ERROR: type dict doesn't define __round__ method,340.89,0.0
V53_Q_005398_Q4,[],,[],{},,,,ERROR: type dict doesn't define __round__ method,330.16,0.0
V53_Q_005398_Q5,[],retrieve_synthesize_execute,[],{},,,,,302.73,0.0
V53_Q_005399_Q1,[],,[],{},,,,ERROR: type dict doesn't define __round__ method,331.44,0.0
V53_Q_005399_Q2,[],,[],{},,,,ERROR: type dict doesn't define __round__ method,333.68,0.0
V53_Q_005399_Q3,[],,[],{},,,,ERROR: type dict doesn't define __round__ method,328.8,0.0
V53_Q_005399_Q4,[],,[],{},,,,ERROR: type dict doesn't define __round__ method,325.86,0.0
V53_Q_005399_Q5,[],,[],{},,,,ERROR: type dict doesn't define __round__ method,330.17,0.0
V53_Q_005400_Q1,[],,[],{},,,,ERROR: type dict doesn't define __round__ method,326.13,0.0
V53_Q_005400_Q2,[],retrieve_synthesize_execute,[],{},,,,,309.31,0.0
V53_Q_005400_Q3,[],,[],{},,,,ERROR: type dict doesn't define __round__ method,335.27,0.0
V53_Q_005400_Q4,[],retrieve_synthesize_execute,[],{},,,,,309.44,0.0
V53_Q_005400_Q5,[],,[],{},,,,ERROR: type dict doesn't define __round__ method,326.05,0.0
V53_Q_005401_Q1,[],,[],{},,,,ERROR: type dict doesn't define __round__ method,327.84,0.0
V53_Q_005401_Q2,[],,[],{},,,,ERROR: type dict doesn't define __round__ method,370.84,0.0
V53_Q_005401_Q3,[],,[],{},,,,ERROR: type dict doesn't define __round__ method,337.27,0.0
V53_Q_005401_Q4,[],,[],{},,,,ERROR: type dict doesn't define __round__ method,324.38,0.0
V53_Q_005401_Q5,[],,[],{},,,,ERROR: type dict doesn't define __round__ method,335.87,0.0
V53_Q_005402_Q1,[],,[],{},,,,ERROR: type dict doesn't define __round__ method,330.8,0.0
V53_Q_005402_Q2,[],,[],{},,,,ERROR: type dict doesn't define __round__ method,327.28,0.0
V53_Q_005402_Q3,[],,[],{},,,,ERROR: type dict doesn't define __round__ method,333.93,0.0
V53_Q_005402_Q4,[],,[],{},,,,ERROR: type dict doesn't define __round__ method,329.06,0.0
V53_Q_005402_Q5,[],,[],{},,,,ERROR: type dict doesn't define __round__ method,326.98,0.0
V53_Q_005403_Q1,[],,[],{},,,,ERROR: type dict doesn't define __round__ method,346.87,0.0
V53_Q_005403_Q2,[],,[],{},,,,ERROR: type dict doesn't define __round__ method,364.16,0.0
V53_Q_005403_Q3,[],,[],{},,,,ERROR: type dict doesn't define __round__ method,384.63,0.0
V53_Q_005403_Q4,[],,[],{},,,,ERROR: type dict doesn't define __round__ method,363.42,0.0
V53_Q_005403_Q5,[],retrieve_synthesize_execute,[],{},,,,,401.55,0.0
V53_Q_005404_Q1,[],,[],{},,,,ERROR: type dict doesn't define __round__ method,442.24,0.0
V53_Q_005404_Q2,[],,[],{},,,,ERROR: type dict doesn't define __round__ method,422.74,0.0
V53_Q_005404_Q3,[],,[],{},,,,ERROR: type dict doesn't define __round__ method,427.37,0.0
V53_Q_005404_Q4,[],,[],{},,,,ERROR: type dict doesn't define __round__ method,506.38,0.0
V53_Q_005404_Q5,[],,[],{},,,,ERROR: type dict doesn't define __round__ method,458.38,0.0
V53_Q_005405_Q1,[],,[],{},,,,ERROR: type dict doesn't define __round__ method,527.98,0.0
V53_Q_005405_Q2,[],,[],{},,,,ERROR: type dict doesn't define __round__ method,475.62,0.0
V53_Q_005405_Q3,[],,[],{},,,,ERROR: type dict doesn't define __round__ method,485.78,0.0
V53_Q_005405_Q4,[],,[],{},,,,ERROR: type dict doesn't define __round__ method,409.08,0.0
V53_Q_005405_Q5,[],retrieve_synthesize_execute,[],{},,,,,353.1,0.0
V53_Q_005406_Q1,[],,[],{},,,,ERROR: type dict doesn't define __round__ method,361.04,0.0
V53_Q_005406_Q2,[],,[],{},,,,ERROR: type dict doesn't define __round__ method,418.82,0.0
V53_Q_005406_Q3,[],,[],{},,,,ERROR: type dict doesn't define __round__ method,441.27,0.0
V53_Q_005406_Q4,[],,[],{},,,,ERROR: type dict doesn't define __round__ method,531.93,0.0
V53_Q_005406_Q5,[],retrieve_synthesize_execute,[],{},,,,,534.16,0.0
V53_Q_005407_Q1,[],,[],{},,,,ERROR: type dict doesn't define __round__ method,344.6,0.0
V53_Q_005407_Q2,[],,[],{},,,,ERROR: type dict doesn't define __round__ method,395.35,0.0
V53_Q_005407_Q3,[],,[],{},,,,ERROR: type dict doesn't define __round__ method,1096.69,0.0
V53_Q_005407_Q4,[],,[],{},,,,ERROR: type dict doesn't define __round__ method,474.3,0.0
V53_Q_005407_Q5,[],,[],{},,,,ERROR: type dict doesn't define __round__ method,455.83,0.0
V53_Q_005408_Q1,[],,[],{},,,,ERROR: type dict doesn't define __round__ method,534.87,0.0
V53_Q_005408_Q2,[],,[],{},,,,ERROR: type dict doesn't define __round__ method,467.93,0.0
V53_Q_005408_Q3,[],,[],{},,,,ERROR: type dict doesn't define __round__ method,390.38,0.0
V53_Q_005408_Q4,[],,[],{},,,,ERROR: type dict doesn't define __round__ method,350.15,0.0
V53_Q_005408_Q5,[],,[],{},,,,ERROR: type dict doesn't define __round__ method,338.32,0.0
